datum;gremium;vorlage;titel;ergebnis;ja;nein;enthaltungen;einstimmig;betrag_euro
2024-01-22;Ausschuss für Umwelt und Technik;SV-252/2023;Haushaltsplan und Haushaltssatzung 2024 – Große Kreisstadt Bad Waldsee;einstimmig;;;;ja;
2024-01-22;Ausschuss für Umwelt und Technik;SV-249/2023;Wirtschaftsplan 2024 - Eigenbetrieb städt. Abwasserbeseitigung;einstimmig;;;;ja;6597700
2024-01-23;Verwaltungsausschuss;SV-252/2023;Haushaltsplan und Haushaltssatzung 2024 – Große Kreisstadt Bad Waldsee;einstimmig;;;;ja;
2024-01-23;Verwaltungsausschuss;SV-251/2023;Wirtschaftsplan 2024 - Alten- und Pflegeheim Spital zum Heiligen Geist;einstimmig;;;;ja;4635800
2024-01-29;Gemeinderat;SV-252/2023;Haushaltsplan und Haushaltssatzung 2024 – Große Kreisstadt Bad Waldsee;einstimmig;;;;ja;
2024-01-29;Gemeinderat;SV-249/2023;Wirtschaftsplan 2024 - Eigenbetrieb städt. Abwasserbeseitigung;einstimmig;;;;ja;6597700
2024-01-29;Gemeinderat;SV-251/2023;Wirtschaftsplan 2024 - Alten- und Pflegeheim Spital zum Heiligen Geist;einstimmig;;;;ja;4635800
2024-01-29;Gemeinderat;SV-250/2023;;einstimmig;;;;ja;36575000
2024-01-29;Gemeinderat;SV-5/2024;Annahme und Vermittlung von Spenden und Zuwendungen aus dem 2. Halbjahr 2023;einstimmig;;;;ja;
2024-01-29;Gemeinderat;SV-7/2024;Beschaffung von Strom und Gas für den Lieferzeitraum ab dem 01.01.2025;einstimmig;;;;ja;
2024-01-29;Gemeinderat;SV-2/2024;Erweiterung des Gymnasiums;ausgezählt;9;18;0;nein;10100000
2024-01-29;Gemeinderat;SV-2/2024;Erweiterung des Gymnasiums;ausgezählt;20;3;4;nein;10100000
2024-02-26;Gemeinderat;SV-3/2024;"Bebauungsplan ""2. Erweiterung Gewerbepark Wasserstall"" und die örtlichen Bauvorschriften hierzu, Gemarkung Waldsee mit 2. Änderung des Bebauungsplans ""1. Erweiterung Gewerbepark Wasserstall"" und 3. Änderung des Bebauungsplans ""Gewerbepark Wasserstall"", Gemarkung Waldsee - Abwägung und Satzungsbeschluss";einstimmig;;;;ja;
2024-02-26;Gemeinderat;SV-4/2024;12. Änderung des Flächennutzungsplans der vereinbarten Verwaltungsgemeinschaft Bad Waldsee-Bergatreute für die geplante gewerbliche Baufläche im Bereich Wasserstall, Gemarkung Waldsee - Abwägung und Feststellungsbeschluss;einstimmig;;;;ja;
2024-02-26;Gemeinderat;SV-26/2024;Gewerbepark Wasserstall (2. Erweiterung) - Durchführungsbeschluss;einstimmig;;;;ja;5900000
2024-02-26;Gemeinderat;SV-24/2024;"Baugebiet ""Drei Eichen VI"" – Abwicklung über einen Erschließungsträger";ausgezählt;18;1;5;nein;
2024-02-26;Gemeinderat;SV-20/2024;Sanierung Kapelle Osterhofen - Durchführungsbeschluss;einstimmig;;;;ja;
2024-02-26;Gemeinderat;SV-1/2024;Strand- und Freibad: Einführung eines ermäßigten Tarifs für Rentner und Pensionäre;ausgezählt;23;0;2;nein;
2024-02-26;Gemeinderat;SV-246/2023;Verkaufsoffener Sonntag im Frühling: Erweiterung des Anlasses um den Bad Waldseer Kultursonntag und Änderung der Satzung;einstimmig;;;;ja;
2024-02-26;Gemeinderat;SV-29/2024;Kreditaufnahme für den Eigenbetrieb Städt. Abwasserbeseitigung;einstimmig;;;;ja;2000000
2024-02-26;Gemeinderat;SV-224/2023;Anpassung der Stellplatzablösebeträge;einstimmig;;;;ja;
2024-02-26;Gemeinderat;SV-225/2023;Anpassung der städtischen Förderrichtlinien im Rahmen der Denkmal- und Stadtbildpflege;einstimmig;;;;ja;
2024-02-27;Gemeinsamer Ausschuss der Vereinbarten Verwaltungsgemeinschaft Bad Waldsee-Bergatreute;SV-4/2024;12. Änderung des Flächennutzungsplans der vereinbarten Verwaltungsgemeinschaft Bad Waldsee-Bergatreute für die geplante gewerbliche Baufläche im Bereich Wasserstall, Gemarkung Waldsee - Abwägung und Feststellungsbeschluss;einstimmig;;;;ja;
2024-02-27;Gemeinsamer Ausschuss der Vereinbarten Verwaltungsgemeinschaft Bad Waldsee-Bergatreute;SV-62/2023;15. Änderung des Flächennutzungsplans der vereinbarten Verwaltungsgemeinschaft Bad Waldsee-Bergatreute für die Wohnbaufläche im Bereich Waldseer Straße, Gemarkung Mittelurbach - Aufstellungsbeschluss;einstimmig;;;;ja;
2024-03-04;Ausschuss für Umwelt und Technik;SV-6/2024;"3. Änderung des vorhabenbezogenen Bebauungsplans ""Großflächiger Einzelhandel an der Steinenberger Straße 1"" und die örtlichen Bauvorschriften hierzu, Gemarkung Waldsee - Entwurfsbeschluss";einstimmig;;;;ja;
2024-03-04;Ausschuss für Umwelt und Technik;SV-30/2024;"Bebauungsplan ""Rauhe Äcker"" und die örtlichen Bauvorschriften hierzu, Gemarkung Mittelurbach""";ausgezählt;10;0;2;nein;
2024-03-04;Ausschuss für Umwelt und Technik;SV-28/2024;"Bebauungsplan ""Drei-Eichen VI"" und die örtlichen Bauvorschriften hierzu, Gemarkungen Reute und Gaisbeuren";ausgezählt;11;0;1;nein;
2024-03-04;Ausschuss für Umwelt und Technik;SV-27/2024;"Baugebiet ""Drei-Eichen-VI"" – Erschließung - Planungsbeschluss";ausgezählt;10;0;2;nein;
2024-03-04;Ausschuss für Umwelt und Technik;SV-36/2024;"Baugebiet ""Drei Eichen VI"" – Abwassertechnische Erschließung – Vergabe Planungsleistungen";ausgezählt;10;0;2;nein;
2024-03-18;Gemeinderat;SV-84/2023;"Vorhabenbezogener Bebauungsplan ""Abfahrt B 30 Nord"" und die örtlichen Bauvorschriften hierzu, Gemarkung Waldsee - Abwägung und Satzungsbeschluss";ausgezählt;16;4;6;nein;
2024-03-18;Gemeinderat;SV-42/2024;Verlängerung der Durchführungsfrist des Sanierungsgebietes „Altstadt III“;einstimmig;;;;ja;
2024-04-15;Ausschuss für Umwelt und Technik;SV-32/2024;"Bebauungsplan ""Holzstraße"" und die örtlichen Bauvorschriften hierzu sowie 1. Änderung des Bebauungsplanes ""Teichäcker II"", Gemarkung Waldsee - Abwägung und Satzungsbeschluss";ausgezählt;10;3;0;nein;
2024-04-15;Ausschuss für Umwelt und Technik;SV-33/2024;"Vorhabenbezogener Bebauungsplan ""Agri-Solarpark Sankt Josef"" und die örtlichen Bauvorschriften hierzu, Gemarkung Mittelurbach - Aufstellungsbeschluss";einstimmig;;;;ja;
2024-04-15;Ausschuss für Umwelt und Technik;SV-34/2024;"16. Änderung des Flächennutzungsplans der Vereinbarten Verwaltungsgemeinschaft Bad Waldsee-Bergatreute für die Sonderbaufläche ""Agri-Solarpark Sankt Josef"", Gemarkung Mittelurbach - Aufstellungsbeschluss";einstimmig;;;;ja;
2024-04-15;Ausschuss für Umwelt und Technik;SV-35/2024;"17. Änderung des Flächennutzungsplans der Vereinbarten Verwaltungsgemeinschaft Bad Waldsee-Bergatreute im Bereich der ""2. Änderung des Sport- und Gesundheitspark Hopfenweiler"", Gemarkung Waldsee - Aufstellungsbeschluss";ausgezählt;10;3;0;nein;
2024-04-15;Ausschuss für Umwelt und Technik;SV-43/2024;"18. Änderung des Flächennutzungsplans der vereinbarten Verwaltungsgemeinschaft Bad Waldsee-Bergatreute für die Sonderbaufläche großflächiger Einzelhandel im Bereich des ""Lebensmittelmarkts"" an der Roßberger Straße, Gemarkung Bergatreute - Aufstellungsbeschluss";einstimmig;;;;ja;
2024-04-22;Gemeinderat;SV-63/2024;"Sanierung Bad Waldsee ""Altstadt III"" – Sanierungssatzung – Verlängerung der Durchführungsfrist";einstimmig;;;;ja;
2024-04-22;Gemeinderat;SV-32/2024;"Bebauungsplan ""Holzstraße"" und die örtlichen Bauvorschriften hierzu sowie 1. Änderung des Bebauungsplanes ""Teichäcker II"", Gemarkung Waldsee - Abwägung und Satzungsbeschluss";ausgezählt;8;9;6;nein;
2024-04-22;Gemeinderat;SV-32/2024;"Bebauungsplan ""Holzstraße"" und die örtlichen Bauvorschriften hierzu sowie 1. Änderung des Bebauungsplanes ""Teichäcker II"", Gemarkung Waldsee - Abwägung und Satzungsbeschluss";ausgezählt;16;2;5;nein;
2024-04-22;Gemeinderat;SV-34/2024;"16. Änderung des Flächennutzungsplans der Vereinbarten Verwaltungsgemeinschaft Bad Waldsee-Bergatreute für die Sonderbaufläche ""Agri-Solarpark Sankt Josef"", Gemarkung Mittelurbach - Aufstellungsbeschluss";einstimmig;;;;ja;
2024-04-22;Gemeinderat;SV-35/2024;"17. Änderung des Flächennutzungsplans der Vereinbarten Verwaltungsgemeinschaft Bad Waldsee-Bergatreute im Bereich der ""2. Änderung des Sport- und Gesundheitspark Hopfenweiler"", Gemarkung Waldsee - Aufstellungsbeschluss";ausgezählt;21;0;2;nein;
2024-04-22;Gemeinderat;SV-43/2024;"18. Änderung des Flächennutzungsplans der vereinbarten Verwaltungsgemeinschaft Bad Waldsee-Bergatreute für die Sonderbaufläche großflächiger Einzelhandel im Bereich des ""Lebensmittelmarkts"" an der Roßberger Straße, Gemarkung Bergatreute - Aufstellungsbeschluss";einstimmig;;;;ja;
2024-04-22;Gemeinderat;SV-62/2024;Stellungnahme zum Teilregionalplan Energie;ausgezählt;21;0;3;nein;
2024-04-22;Gemeinderat;SV-200/2023;Kommunale Wärmeplanung der Stadt Bad  Waldsee;einstimmig;;;;ja;
2024-04-22;Gemeinderat;SV-61/2024;Förderrichtlinien Anreizprogramme Klimaschutz 2024;einstimmig;;;;ja;
2024-04-22;Gemeinderat;SV-59/2024;"Umlegung ""Hirschhof"" - Auflösung des Umlegungsausschusses „Hirschhof“";einstimmig;;;;ja;
2024-04-22;Gemeinderat;SV-67/2024;Schaffung weiterer Kindergartenplätze;einstimmig;;;;ja;
2024-04-22;Gemeinderat;SV-75/2024;Vertrag mit der Katholischen Kirchenpflege Reute für die Förderung und den Betrieb des kirchlichen Kindergartens im Gebäude Friedenslinde 4 in Reute;einstimmig;;;;ja;
2024-04-22;Gemeinderat;SV-248/2023;ÖPNV-Konzeption 2024 ff.;einstimmig;;;;ja;
2024-04-22;Gemeinderat;SV-41/2024;Änderung der Satzung über die Benutzung von Obdachlosen- und Flüchtlingsunterkünften;einstimmig;;;;ja;
2024-04-23;Gemeinsamer Ausschuss der Vereinbarten Verwaltungsgemeinschaft Bad Waldsee-Bergatreute;SV-34/2024;"16. Änderung des Flächennutzungsplans der Vereinbarten Verwaltungsgemeinschaft Bad Waldsee-Bergatreute für die Sonderbaufläche ""Agri-Solarpark Sankt Josef"", Gemarkung Mittelurbach - Aufstellungsbeschluss";einstimmig;;;;ja;
2024-04-23;Gemeinsamer Ausschuss der Vereinbarten Verwaltungsgemeinschaft Bad Waldsee-Bergatreute;SV-35/2024;"17. Änderung des Flächennutzungsplans der Vereinbarten Verwaltungsgemeinschaft Bad Waldsee-Bergatreute im Bereich der ""2. Änderung des Sport- und Gesundheitspark Hopfenweiler"", Gemarkung Waldsee - Aufstellungsbeschluss";einstimmig;;;;ja;
2024-04-23;Gemeinsamer Ausschuss der Vereinbarten Verwaltungsgemeinschaft Bad Waldsee-Bergatreute;SV-43/2024;"18. Änderung des Flächennutzungsplans der vereinbarten Verwaltungsgemeinschaft Bad Waldsee-Bergatreute für die Sonderbaufläche großflächiger Einzelhandel im Bereich des ""Lebensmittelmarkts"" an der Roßberger Straße, Gemarkung Bergatreute - Aufstellungsbeschluss";einstimmig;;;;ja;
2024-05-13;Ausschuss für Umwelt und Technik;SV-78/2024;Modernisierung des Bahnübergangs am Kornblumenweg in Mittelurbach durch die DB - Variantenauswahl;einstimmig;;;;ja;
2024-05-13;Ausschuss für Umwelt und Technik;SV-82/2024;Kläranlage Bad Waldsee: Durchführungsbeschluss für die Erweiterung und Sanierung der mechanischen Stufe;einstimmig;;;;ja;
2024-05-13;Ausschuss für Umwelt und Technik;SV-116/2023;;einstimmig;;;;ja;
2024-05-13;Ausschuss für Umwelt und Technik;SV-86/2024;;einstimmig;;;;ja;
2024-05-14;Verwaltungsausschuss;SV-116/2023;;einstimmig;;;;ja;
2024-05-14;Verwaltungsausschuss;SV-86/2024;;einstimmig;;;;ja;
2024-06-03;Gemeinderat;SV-82/2024;Kläranlage Bad Waldsee: Durchführungsbeschluss für die Erweiterung und Sanierung der mechanischen Stufe;einstimmig;;;;ja;
2024-06-03;Gemeinderat;SV-116/2023;;einstimmig;;;;ja;
2024-06-03;Gemeinderat;SV-86/2024;;einstimmig;;;;ja;
2024-06-03;Gemeinderat;SV-66/2024;Einsparpotenziale und Maßnahmen zur Erhöhung der Einnahmen - Vorschlag der Haushaltsstrukturkommission;einstimmig;;;;ja;
2024-06-03;Gemeinderat;SV-111/2024;Sanierung des Eugen-Bolz-Kindergartens;einstimmig;;;;ja;690000
2024-06-03;Gemeinderat;SV-68/2024;Neubau Erweiterung Gymnasium- Durchführungsbeschluss;ausgezählt;18;3;3;nein;8200000
2024-06-03;Gemeinderat;SV-56/2024;Zuweisung weiterer Aufgabengebiete und Umbenennung des seitherigen Ausschusses für Technik und Umwelt;einstimmig;;;;ja;
2024-06-03;Gemeinderat;SV-57/2024;Änderung der Hauptsatzung: Zuweisung weiterer Aufgabengebiete und Umbenennung des seitherigen Ausschusses für Technik und Umwelt;einstimmig;;;;ja;
2024-06-17;Ausschuss für Umwelt und Technik;SV-85/2024;"Bebauungsplan ""Am Rädlesbach"" und die örtlichen Bauvorschriften hierzu, Gemarkung Waldsee - Aufstellungsbeschluss";ausgezählt;13;0;0;ja;
2024-06-17;Ausschuss für Umwelt und Technik;SV-87/2024;"Vorhabenbezogener Bebauungsplan ""Agri-Solarpark Sankt Josef"" und die örtlichen Bauvorschriften hierzu, Gemarkung Mittelurbach - Abwägung und Entwurfsbeschluss";ausgezählt;13;0;0;ja;
2024-06-17;Ausschuss für Umwelt und Technik;SV-88/2024;"16. Änderung des Flächennutzungsplans der Vereinbarten Verwaltungsgemeinschaft Bad Waldsee-Bergatreute für die Sonderbaufläche ""Agri-Solarpark Sankt Josef"", Gemarkung Mittelurbach - Abwägung und Entwurfsbeschluss";ausgezählt;13;0;0;ja;
2024-06-17;Ausschuss für Umwelt und Technik;SV-89/2024;"Bebauungsplan ""Drei-Eichen VI"" und die örtlichen Bauvorschriften hierzu, Gemarkungen Reute und Gaisbeuren- Abwägung und Entwurfsbeschluss";ausgezählt;13;0;0;ja;
2024-06-17;Ausschuss für Umwelt und Technik;SV-90/2024;"1. Änderung des Bebauungsplanes ""Drei-Eichen IV"" und die örtlichen Bauvorschriften hierzu, Gemarkung Reute - Abwägung und Entwurfsbeschluss";ausgezählt;13;0;0;ja;
2024-06-17;Ausschuss für Umwelt und Technik;SV-76/2024;"Bebauungsplan ""Rauhe Äcker"" und die örtlichen Bauvorschriften hierzu, Gemarkung Mittelurbach - Abwägung und Entwurfsbeschluss";ausgezählt;10;0;3;nein;
2024-06-17;Ausschuss für Umwelt und Technik;SV-92/2024;15. Änderung des Flächennutzungsplans der Vereinbarten Verwaltungsgemeinschaft Bad Waldsee-Bergatreute für die Wohnbaufläche im Bereich Waldseer Straße, Gemarkung Mittelurbach - Abwägung und Entwurfsbeschluss;ausgezählt;13;0;0;ja;
2024-06-18;Verwaltungsausschuss;SV-120/2024;Erwerb einer Skulptur für die Außenanlage des neuen Verwaltungsgebäudes.;ausgezählt;12;1;0;nein;
2024-07-08;Gemeinderat;SV-88/2024;"16. Änderung des Flächennutzungsplans der Vereinbarten Verwaltungsgemeinschaft Bad Waldsee-Bergatreute für die Sonderbaufläche ""Agri-Solarpark Sankt Josef"", Gemarkung Mittelurbach - Abwägung und Entwurfsbeschluss";einstimmig;;;;ja;
2024-07-08;Gemeinderat;SV-92/2024;15. Änderung des Flächennutzungsplans der Vereinbarten Verwaltungsgemeinschaft Bad Waldsee-Bergatreute für die Wohnbaufläche im Bereich Waldseer Straße, Gemarkung Mittelurbach - Abwägung und Entwurfsbeschluss;einstimmig;;;;ja;
2024-07-08;Gemeinderat;SV-124/2024;Integrationsmanagement: Weiterführung ab 2025;einstimmig;;;;ja;
2024-07-08;Gemeinderat;SV-44/2024;Feststellen von Hinderungs- bzw. Ablehnungsgründen für den Eintritt in den Gemeinderat;einstimmig;;;;ja;
2024-07-11;Gemeinsamer Ausschuss der Vereinbarten Verwaltungsgemeinschaft Bad Waldsee-Bergatreute;SV-88/2024;"16. Änderung des Flächennutzungsplans der Vereinbarten Verwaltungsgemeinschaft Bad Waldsee-Bergatreute für die Sonderbaufläche ""Agri-Solarpark Sankt Josef"", Gemarkung Mittelurbach - Abwägung und Entwurfsbeschluss";einstimmig;;;;ja;
2024-07-11;Gemeinsamer Ausschuss der Vereinbarten Verwaltungsgemeinschaft Bad Waldsee-Bergatreute;SV-92/2024;15. Änderung des Flächennutzungsplans der Vereinbarten Verwaltungsgemeinschaft Bad Waldsee-Bergatreute für die Wohnbaufläche im Bereich Waldseer Straße, Gemarkung Mittelurbach - Abwägung und Entwurfsbeschluss;einstimmig;;;;ja;
2024-07-15;Gemeinderat;SV-45/2024;Verpflichtung der Mitglieder des Gemeinderates und Bestätigung der Sitzordnung;einstimmig;;;;ja;
2024-07-15;Gemeinderat;SV-46/2024;Ehrenamtliche Stellvertreter des Oberbürgermeisters;einstimmig;;;;ja;
2024-07-15;Gemeinderat;SV-46/2024;Ehrenamtliche Stellvertreter des Oberbürgermeisters;einstimmig;;;;ja;
2024-07-15;Gemeinderat;SV-48/2024;Besetzen der beschließenden Ausschüsse 1. Verwaltungsausschuss 2. Ausschuss für Umwelt, Technik und Nachhaltigkeit 3. Betriebsausschuss Städt. Rehakliniken;einstimmig;;;;ja;
2024-07-15;Gemeinderat;SV-49/2024;Bestellen von Mitglieder für 1. Arbeitskreis Kinder, Jugend und Bildung 2. Gemeinsamer Ausschuss der Vereinbarten Verwaltungsgemeinschaft Bad Waldsee-Bergatreute 3. B 30 Ausschuss 4. Kulturbeirat;einstimmig;;;;ja;
2024-07-15;Gemeinderat;SV-50/2024;Berufen von Mitglieder des Gemeinderates als Vertreter der Stadt in den/in die 1. Ausschuss des Museums- und Heimatvereins 2. Ausschuss der Sportgemeinschaft 3. Baumkommission 4. Arbeitskreis Soziale Hilfen;einstimmig;;;;ja;
2024-07-15;Gemeinderat;SV-51/2024;Bestellen von Mitgliedern / Aufsichtsräten 1. Aufsichtsräte der Kurbetriebe Bad Waldsee Dienstleistungs-GmbH 2. Mitglieder der Verbandsversammlung des Wasserversorgungsverbandes Obere Schussentalgruppe 3. Empfehlung zur Neubesetzung des Verwaltungsrats des Wasserversorgungverbandes Obere Schussentalgruppe 4. Aufsichtsräte der Stadtwerke Bad Waldsee GmbH;einstimmig;;;;ja;
2024-07-15;Gemeinderat;SV-52/2024;Bestimmen der Mitglieder der Fraktionsrunde;einstimmig;;;;ja;
2024-07-15;Gemeinderat;SV-53/2024;Unterzeichnen der Protokollniederschriften;einstimmig;;;;ja;
2024-08-05;Gemeinderat;SV-54/2024;Ortsvorsteher und ihre Stellvertreter;einstimmig;;;;ja;
2024-08-05;Gemeinderat;SV-54/2024;Ortsvorsteher und ihre Stellvertreter;einstimmig;;;;ja;
2024-08-05;Gemeinderat;SV-54/2024;Ortsvorsteher und ihre Stellvertreter;einstimmig;;;;ja;
2024-08-05;Gemeinderat;SV-54/2024;Ortsvorsteher und ihre Stellvertreter;einstimmig;;;;ja;
2024-08-05;Gemeinderat;SV-54/2024;Ortsvorsteher und ihre Stellvertreter;einstimmig;;;;ja;
2024-08-05;Gemeinderat;SV-127/2024;Straßenbaumaßnahmen an der L 285 zwischen Gaisbeuren und Reute - Zustimmung zu Planungen des Landes und Vergabe von Planungsleistungen für städtische Maßnahmen;einstimmig;;;;ja;
2024-08-05;Gemeinderat;SV-134/2024;;einstimmig;;;;ja;
2024-08-05;Gemeinderat;SV-138/2024;Gemeindliches Einvernehmen zum Antrag der Windenergieanlagen in Haisterkirch-Osterhofen;ausgezählt;20;0;3;nein;
2024-08-05;Gemeinderat;SV-129/2024;Annahme und Vermittlung von Spenden und Sponsoring aus dem 1. Halbjahr 2024;einstimmig;;;;ja;
2024-09-16;Ausschuss für Umwelt, Technik und Nachhaltigkeit;SV-95/2024;"3. Änderung des vorhabenbezogenen Bebauungsplans ""Großflächiger Einzelhandel an der Steinenberger Straße 1"" und die örtlichen Bauvorschriften hierzu, Gemarkung Waldsee - Abwägung und Satzungsbeschluss";ausgezählt;13;0;1;nein;
2024-09-16;Ausschuss für Umwelt, Technik und Nachhaltigkeit;SV-98/2024;"Vorhabenbezogener Bebauungsplan ""Agri-Solarpark Sankt Josef"" und die örtlichen Bauvorschriften hierzu, Gemarkung Mittelurbach - Abwägung und Satzungsbeschluss";einstimmig;;;;ja;
2024-09-16;Ausschuss für Umwelt, Technik und Nachhaltigkeit;SV-99/2024;"16. Änderung des Flächennutzungsplans der Vereinbarten Verwaltungsgemeinschaft Waldsee-Bergatreute für die Sonderbaufläche ""Agri-Solarpark Sankt Josef"", Gemarkung Mittelurbach - Abwägung und Feststellungsbeschluss";einstimmig;;;;ja;
2024-09-16;Ausschuss für Umwelt, Technik und Nachhaltigkeit;SV-141/2024;"Bebauungsplan ""Rauhe Äcker"" und die örtlichen Bauvorschriften hierzu, Gemarkung Mittelurbach - Abwägung und Satzungsbeschluss";ausgezählt;11;2;1;nein;
2024-09-16;Ausschuss für Umwelt, Technik und Nachhaltigkeit;SV-100/2024;"Bebauungsplan ""Drei-Eichen VI"" und die örtlichen Bauvorschriften hierzu, Gemarkungen Reute und Gaisbeuren- Abwägung und Entwurfsbeschluss";ausgezählt;12;0;2;nein;
2024-09-16;Ausschuss für Umwelt, Technik und Nachhaltigkeit;SV-101/2024;"1. Änderung des Bebauungsplans ""Drei-Eichen IV"" und die örtlichen Bauvorschriften hierzu, Gemarkung Reute - Abwägung und Satzungsbeschluss";einstimmig;;;;ja;
2024-09-16;Ausschuss für Umwelt, Technik und Nachhaltigkeit;SV-102/2024;"18. Änderung des Flächennutzungsplans der vereinbarten Verwaltungsgemeinschaft Bad Waldsee-Bergatreute für die Sonderbaufläche großflächiger Einzelhandel im Bereich des ""Lebensmittelmarkts"" an der Roßberger Straße, Gemarkung Bergatreute - Abwägung und Entwurfsbeschluss";einstimmig;;;;ja;
2024-09-16;Ausschuss für Umwelt, Technik und Nachhaltigkeit;SV-144/2024;"Vorhabenbezogener Bebauungsplan ""Frauenbergstraße-Friedhofstraße"" und die örtlichen Bauvorschriften hierzu, Gemarkung Waldsee - Aufstellungsbeschluss";ausgezählt;13;0;1;nein;
2024-09-23;Gemeinderat;SV-102/2024;"18. Änderung des Flächennutzungsplans der vereinbarten Verwaltungsgemeinschaft Bad Waldsee-Bergatreute für die Sonderbaufläche großflächiger Einzelhandel im Bereich des ""Lebensmittelmarkts"" an der Roßberger Straße, Gemarkung Bergatreute - Abwägung und Entwurfsbeschluss";einstimmig;;;;ja;
2024-09-23;Gemeinderat;SV-141/2024;"Bebauungsplan ""Rauhe Äcker"" und die örtlichen Bauvorschriften hierzu, Gemarkung Mittelurbach - Abwägung und Satzungsbeschluss";ausgezählt;19;4;1;nein;
2024-09-23;Gemeinderat;SV-101/2024;"1. Änderung des Bebauungsplans ""Drei-Eichen IV"" und die örtlichen Bauvorschriften hierzu, Gemarkung Reute - Abwägung und Satzungsbeschluss";ausgezählt;24;0;1;nein;
2024-09-23;Gemeinderat;SV-98/2024;"Vorhabenbezogener Bebauungsplan ""Agri-Solarpark Sankt Josef"" und die örtlichen Bauvorschriften hierzu, Gemarkung Mittelurbach - Abwägung und Satzungsbeschluss";einstimmig;;;;ja;
2024-09-23;Gemeinderat;SV-99/2024;"16. Änderung des Flächennutzungsplans der Vereinbarten Verwaltungsgemeinschaft Waldsee-Bergatreute für die Sonderbaufläche ""Agri-Solarpark Sankt Josef"", Gemarkung Mittelurbach - Abwägung und Feststellungsbeschluss";einstimmig;;;;ja;
2024-10-02;Gemeinsamer Ausschuss der Vereinbarten Verwaltungsgemeinschaft Bad Waldsee-Bergatreute;SV-99/2024;"16. Änderung des Flächennutzungsplans der Vereinbarten Verwaltungsgemeinschaft Waldsee-Bergatreute für die Sonderbaufläche ""Agri-Solarpark Sankt Josef"", Gemarkung Mittelurbach - Abwägung und Feststellungsbeschluss";einstimmig;;;;ja;
2024-10-02;Gemeinsamer Ausschuss der Vereinbarten Verwaltungsgemeinschaft Bad Waldsee-Bergatreute;SV-102/2024;"18. Änderung des Flächennutzungsplans der vereinbarten Verwaltungsgemeinschaft Bad Waldsee-Bergatreute für die Sonderbaufläche großflächiger Einzelhandel im Bereich des ""Lebensmittelmarkts"" an der Roßberger Straße, Gemarkung Bergatreute - Abwägung und Entwurfsbeschluss";einstimmig;;;;ja;
2024-10-07;Ausschuss für Umwelt, Technik und Nachhaltigkeit;SV-161/2024;Überplanmäßige Ausgabe | Beschaffung des Gerätewagens-Logistik 2 Schlauch (GW-L2S);einstimmig;;;;ja;
2024-10-07;Ausschuss für Umwelt, Technik und Nachhaltigkeit;SV-162/2024;Beschaffung eines Wechselladerfahrzeugs (WLF 2) für die Freiwillige Feuerwehr Bad Waldsee, Abteilung Stadt;einstimmig;;;;ja;300000
2024-10-07;Ausschuss für Umwelt, Technik und Nachhaltigkeit;SV-156/2024;Straßenprogramm 2024 - Durchführung;einstimmig;;;;ja;
2024-10-14;Gemeinderat;SV-160/2024;Schaffung eines Premium-Wanderwegs in Bad Waldsee;ausgezählt;24;0;0;ja;
2024-10-14;Gemeinderat;SV-153/2024;Änderung der Beteiligungsrichtlinie;ausgezählt;24;0;0;ja;
2024-10-14;Gemeinderat;SV-119/2024;Örtliche Bedarfsplanung für das Kindergartenjahr 2024/25;ausgezählt;21;0;3;nein;
2024-11-04;Gemeinderat;SV-174/2024;Ausschreibung PV-Anlagen;einstimmig;;;;ja;
2024-11-04;Gemeinderat;SV-172/2024;Vergabe der Planungsleistungen für den Anschluss der Kläranlage Reute an die Kläranlage Bad Waldsee;einstimmig;;;;ja;
2024-11-04;Gemeinderat;SV-133/2024;;einstimmig;;;;ja;
2024-11-04;Gemeinderat;SV-179/2024;Änderung der Satzung über die Entschädigung für ehrenamtliche Tätigkeit;ausgezählt;26;0;1;nein;
2024-11-04;Gemeinderat;SV-178/2024;Bestätigung des Verfahrens für Kreditaufnahmen;einstimmig;;;;ja;
2024-11-25;Ausschuss für Umwelt, Technik und Nachhaltigkeit;SV-149/2024;"Bebauungsplan Teilbereich A ""Drei-Eichen VI"" und die örtlichen Bauvorschriften hierzu, Gemarkungen Reute und Gaisbeuren- Abwägung und Satzungsbeschluss";einstimmig;;;;ja;
2024-11-25;Ausschuss für Umwelt, Technik und Nachhaltigkeit;SV-190/2024;"Bebauungsplan Teilbereich B ""Drei Eichen VI"" und die örtlichen Bauvorschriften hierzu, Gemarkungen Reute und Gaisbeuren – Aufstellungs- und Überleitungsbeschluss";ausgezählt;12;0;2;nein;
2024-11-25;Ausschuss für Umwelt, Technik und Nachhaltigkeit;SV-191/2024;"Bebauungsplan Teilbereich B ""Drei Eichen VI"" und die örtlichen Bauvorschriften hierzu, Gemarkungen Reute und Gaisbeuren - Abwägung und Entwurfsbeschluss";ausgezählt;12;0;2;nein;
2024-11-25;Ausschuss für Umwelt, Technik und Nachhaltigkeit;SV-150/2024;Entwidmung der Feldwege Flst. 2021 (Teilfläche) und Flst. 2026 (Teilfläche), Gemarkung Michelwinnaden;einstimmig;;;;ja;
2024-11-25;Ausschuss für Umwelt, Technik und Nachhaltigkeit;SV-195/2024;Jahresabschluss 2023 Eigenbetrieb Städt. Abwasserbeseitigung;einstimmig;;;;ja;
2024-11-25;Ausschuss für Umwelt, Technik und Nachhaltigkeit;SV-198/2024;Eigenbetrieb Städtische Abwasserbeseitigung - Feststellung der Gebührennachkalkulation, Festlegung des neuen Gebührensatzes sowie Änderung der Abwassersatzung;einstimmig;;;;ja;984354
2024-11-26;Verwaltungsausschuss;SV-186/2024;"Fördertopf ""Soziale Hilfen"" | Zuschüsse für sozial karitativ tätige Vereine und Gruppierungen";einstimmig;;;;ja;
2024-12-02;Gemeinderat;;;einstimmig;;;;ja;
2024-12-02;Gemeinderat;SV-149/2024;"Bebauungsplan Teilbereich A ""Drei-Eichen VI"" und die örtlichen Bauvorschriften hierzu, Gemarkungen Reute und Gaisbeuren- Abwägung und Satzungsbeschluss";einstimmig;;;;ja;
2024-12-02;Gemeinderat;SV-180/2024;Verkaufsoffener Sonntag im Frühling: Ferien- und feiertagsbedingte Erweiterung des Zeitraums der Durchführung des verkaufsoffenen Sonntags um den Monat Mai;einstimmig;;;;ja;
2024-12-02;Gemeinderat;SV-176/2024;Straßenbauarbeiten an der L 285 zwischen Gaisbeuren und Reute - flankierende städtische Maßnahmen - Durchführungsbeschluss;einstimmig;;;;ja;850000
2024-12-02;Gemeinderat;SV-216/2024;Beitrag zur Jugendsportförderung für die Nutzung der Eugen-Bolz-Halle;einstimmig;;;;ja;
2024-12-02;Gemeinderat;SV-198/2024;Eigenbetrieb Städtische Abwasserbeseitigung - Feststellung der Gebührennachkalkulation, Festlegung des neuen Gebührensatzes sowie Änderung der Abwassersatzung;einstimmig;;;;ja;984354
2024-12-02;Gemeinderat;SV-231/2024;Landesgartenschau in Bad Waldsee - Bewerbung;einstimmig;;;;ja;
2024-12-09;Gemeinderat;SV-195/2024;Jahresabschluss 2023 Eigenbetrieb Städt. Abwasserbeseitigung;einstimmig;;;;ja;
2024-12-09;Gemeinderat;SV-196/2024;;einstimmig;;;;ja;
2024-12-09;Gemeinderat;SV-197/2024;;einstimmig;;;;ja;
2024-12-09;Gemeinderat;SV-158/2024;;einstimmig;;;;ja;
2024-12-09;Gemeinderat;SV-205/2024;Bestellung des Abschlussprüfers für das Geschäftsjahr 2024 für den Eigenbetrieb Städtische Rehakliniken;einstimmig;;;;ja;
2024-12-09;Gemeinderat;SV-207/2024;Bestellung des Abschlussprüfers für das Geschäftsjahr 2024 für die Kurbetriebe Bad Waldsee Dienstleistungs-GmbH;einstimmig;;;;ja;
2024-12-09;Gemeinderat;SV-241/2024;Bestellung Abschlussprüfer für das Geschäftsjahr 2024 für die Stadtwerke Bad Waldsee GmbH;einstimmig;;;;ja;
2024-12-09;Gemeinderat;SV-152/2024;Beteiligungsbericht für das Jahr 2023;einstimmig;;;;ja;
2024-12-09;Gemeinderat;SV-203/2024;Grundsteuerreform 2025 - Festlegung der Hebesätze;einstimmig;;;;ja;
2024-12-09;Gemeinderat;SV-240/2024;Kreditaufnahme für den Eigenbetrieb Städt. Abwasserbeseitigung;einstimmig;;;;ja;
2024-12-09;Gemeinderat;SV-242/2024;Beteiligung an der Kommunalen Beteiligungsgesellschaft Netze BW GmbH & Co. KG;ausgezählt;17;7;0;nein;5000000
2024-12-09;Gemeinderat;SV-243/2024;Verwaltungsgebäude Neues Rathaus, Hauptstraße 12 Durchführungsbeschluss Außenanlagen;einstimmig;;;;ja;430000
2025-01-27;Ausschuss für Umwelt, Technik und Nachhaltigkeit;SV-199/2024;Wirtschaftsplan 2025 - Eigenbetrieb städt. Abwasserbeseitigung;einstimmig;;;;ja;6300000
2025-01-27;Ausschuss für Umwelt, Technik und Nachhaltigkeit;SV-202/2024;Haushaltsplan und Haushaltssatzung 2025 – Große Kreisstadt Bad Waldsee;einstimmig;;;;ja;63602500
2025-01-27;Ausschuss für Umwelt, Technik und Nachhaltigkeit;SV-249/2024;"20. Änderung des Flächennutzungsplans im Teilbereich B des Bebauungsplans (R 18) ""Drei-Eichen VI"" der vereinbarten Verwaltungsgemeinschaft Bad Waldsee-Bergatreute, Gemarkung Gaisbeuren - Abwägung der frühzeitigen Beteiligung, Aufstellungs- und Entwurfsbeschluss";ausgezählt;11;0;2;nein;
2025-01-27;Ausschuss für Umwelt, Technik und Nachhaltigkeit;SV-250/2024;"18. Änderung des Flächennutzungsplans der vereinbarten Verwaltungsgemeinschaft Bad Waldsee-Bergatreuge für die Sonderbaufläche großflächiger Einzelhandel im Bereich des ""Lebensmittelmarkts"" an der Roßberger Straße, Gemarkung Bergatreute - Abwägung und Feststellungsbeschluss";einstimmig;;;;ja;
2025-01-28;Verwaltungsausschuss;SV-202/2024;Haushaltsplan und Haushaltssatzung 2025 – Große Kreisstadt Bad Waldsee;einstimmig;;;;ja;63602500
2025-02-03;Gemeinderat;SV-249/2024;"20. Änderung des Flächennutzungsplans im Teilbereich B des Bebauungsplans (R 18) ""Drei-Eichen VI"" der vereinbarten Verwaltungsgemeinschaft Bad Waldsee-Bergatreute, Gemarkung Gaisbeuren - Abwägung der frühzeitigen Beteiligung, Aufstellungs- und Entwurfsbeschluss";ausgezählt;22;0;3;nein;
2025-02-03;Gemeinderat;SV-250/2024;"18. Änderung des Flächennutzungsplans der vereinbarten Verwaltungsgemeinschaft Bad Waldsee-Bergatreuge für die Sonderbaufläche großflächiger Einzelhandel im Bereich des ""Lebensmittelmarkts"" an der Roßberger Straße, Gemarkung Bergatreute - Abwägung und Feststellungsbeschluss";ausgezählt;25;0;0;ja;
2025-02-03;Gemeinderat;SV-3/2025;Entwidmung der Feldwege Flst. 2021 (Teilfläche) und Flst. 2026 (Teilfläche), Gemarkung Michelwinnaden;ausgezählt;25;0;0;ja;
2025-02-03;Gemeinderat;SV-12/2025;Änderung der Satzung über die Benutzung von Obdachlosen- und Flüchtlingsunterkünften;ausgezählt;25;0;0;ja;
2025-02-03;Gemeinderat;SV-202/2024;Haushaltsplan und Haushaltssatzung 2025 – Große Kreisstadt Bad Waldsee;ausgezählt;25;0;0;ja;63602500
2025-02-03;Gemeinderat;SV-199/2024;Wirtschaftsplan 2025 - Eigenbetrieb städt. Abwasserbeseitigung;ausgezählt;25;0;0;ja;6300000
2025-02-03;Gemeinderat;SV-200/2024;Wirtschaftsplan 2025 - Alten- und Pflegeheim Spital zum Heiligen Geist;ausgezählt;25;0;0;ja;4945000
2025-02-03;Gemeinderat;SV-201/2024;Wirtschaftsplan 2025 - Städtische Rehakliniken;ausgezählt;25;0;0;ja;37250000
2025-02-03;Gemeinderat;SV-248/2024;Annahme und Vermittlung von Spenden und Sponsoring aus dem 2. Halbjahr 2024;ausgezählt;25;0;0;ja;
2025-02-03;Gemeinderat;SV-11/2025;Kindergarten Gaisbeuren - Auftrag an die Verwaltung;ausgezählt;25;0;0;ja;
2025-02-04;Gemeinsamer Ausschuss der Vereinbarten Verwaltungsgemeinschaft Bad Waldsee-Bergatreute;SV-249/2024;"20. Änderung des Flächennutzungsplans im Teilbereich B des Bebauungsplans (R 18) ""Drei-Eichen VI"" der vereinbarten Verwaltungsgemeinschaft Bad Waldsee-Bergatreute, Gemarkung Gaisbeuren - Abwägung der frühzeitigen Beteiligung, Aufstellungs- und Entwurfsbeschluss";ausgezählt;8;0;1;nein;
2025-02-04;Gemeinsamer Ausschuss der Vereinbarten Verwaltungsgemeinschaft Bad Waldsee-Bergatreute;SV-250/2024;"18. Änderung des Flächennutzungsplans der vereinbarten Verwaltungsgemeinschaft Bad Waldsee-Bergatreuge für die Sonderbaufläche großflächiger Einzelhandel im Bereich des ""Lebensmittelmarkts"" an der Roßberger Straße, Gemarkung Bergatreute - Abwägung und Feststellungsbeschluss";einstimmig;;;;ja;
2025-03-24;Gemeinderat;SV-24/2025;Benennung des Weges Flst. Nr. 319, Flst. Nr. 300 (Teilfläche) und Flst. Nr. 300/1 (Teilfläche), Gemarkung Waldsee;einstimmig;;;;ja;
2025-03-24;Gemeinderat;SV-20/2025;Jahresabschluss 2020 der Stadt Bad Waldsee;einstimmig;;;;ja;
2025-03-24;Gemeinderat;SV-21/2025;Jahresabschluss 2021 der Stadt Bad Waldsee;einstimmig;;;;ja;
2025-03-24;Gemeinderat;SV-32/2025;Bauabrechnung Neubau Kindergarten in Reute mit zwei Gruppen;einstimmig;;;;ja;3081765
2025-03-24;Gemeinderat;SV-33/2025;Bauabrechnung Erweiterung Kindergarten Haisterkirch;einstimmig;;;;ja;3138118
2025-03-24;Gemeinderat;SV-246/2024;Vorkaufsrechtssatzung Ortsmitte Haisterkirch;einstimmig;;;;ja;
2025-04-07;Ausschuss für Umwelt, Technik und Nachhaltigkeit;SV-29/2025;Kläranlage Bad Waldsee: Durchführungsbeschluss für den Bau eines Nachklärbeckens;einstimmig;;;;ja;
2025-04-07;Ausschuss für Umwelt, Technik und Nachhaltigkeit;SV-31/2025;Kläranlage Bad Waldsee: Erneuerung der Klärschlammpresse;einstimmig;;;;ja;335000
2025-04-07;Ausschuss für Umwelt, Technik und Nachhaltigkeit;SV-4/2025;"Vorhabenbezogener Bebauungsplan ""Frauenbergstraße-Friedhofstraße"" und die örtlichen Bauvorschriften hierzu, Gemarkung Waldsee - Entwurfsbeschluss";ausgezählt;7;0;5;nein;
2025-04-07;Ausschuss für Umwelt, Technik und Nachhaltigkeit;SV-5/2025;"Bebauungsplan ""Drei-Eichen VI"" (Teilbereich B) und die örtlichen Bauvorschriften hierzu, Gemarkung Gaisbeuren - Abwägung und Satzungsbeschluss";ausgezählt;10;0;2;nein;
2025-04-07;Ausschuss für Umwelt, Technik und Nachhaltigkeit;SV-13/2025;"20. Änderung des Flächennutzungsplans im Teilbereich B des Bebauungsplans (R18) ""Drei-Eichen VI"" der vereinbarten Verwaltungsgemeinschaft Bad Waldsee-Bergatreute, Gemarkung Gaisbeuren - Abwägung und Feststellungsbeschluss";einstimmig;;;;ja;
2025-04-08;Verwaltungsausschuss;SV-40/2025;Antrag auf Kulturförderung für die Bad Waldseer Künstlernacht;einstimmig;;;;ja;
2025-04-28;Gemeinderat;SV-69/2025;Musikverein Reute-Gaisbeuren - Zuschuss zu einem Probelokal;einstimmig;;;;ja;
2025-04-28;Gemeinderat;SV-54/2025;Waldkindergarten - Neuer Standort und Erweiterung um eine Gruppe;einstimmig;;;;ja;
2025-04-28;Gemeinderat;SV-29/2025;Kläranlage Bad Waldsee: Durchführungsbeschluss für den Bau eines Nachklärbeckens;einstimmig;;;;ja;
2025-04-28;Gemeinderat;SV-95/2024;"3. Änderung des vorhabenbezogenen Bebauungsplans ""Großflächiger Einzelhandel an der Steinenberger Straße 1"" und die örtlichen Bauvorschriften hierzu, Gemarkung Waldsee - Abwägung und Satzungsbeschluss";einstimmig;;;;ja;
2025-04-28;Gemeinderat;SV-55/2025;Gewährung eines Betriebsmittelkredits nach Bedarf an die Eigenbetriebe sowie die Stadtwerke GmbH;einstimmig;;;;ja;2000000
2025-04-28;Gemeinderat;SV-63/2025;Kommanditistenversammlung der Kommunalen Beteiligungsgesellschaft Verwaltungsgesellschaft mbH und Gesellschafterversammlung der Kommunalen Beteiligungsgesellschaft Netze BW GmbH & Co. KG;einstimmig;;;;ja;
2025-04-28;Gemeinderat;SV-15/2025;Erneute Bestellung zur Geschäftsführerin der Kinder- und Jugendakademie;einstimmig;;;;ja;
2025-05-26;Gemeinderat;SV-74/2025;Stellungnahme zum Teilregionalplan Energie - 2. Anhörung;ausgezählt;19;5;1;nein;
2025-05-26;Gemeinderat;SV-82/2025;Gemeindliches Einvernehmen zum Antrag einer Windenergieanlage im Vorranggebiet Aulendorf-Ost auf der Gemarkung Waldsee;ausgezählt;18;7;0;nein;
2025-05-26;Gemeinderat;SV-83/2025;Weiterentwicklung Friedhof am Schorren- neue Grabarten;einstimmig;;;;ja;
2025-05-26;Gemeinderat;SV-239/2024;Weiteres Vorhaben European Energy Award;ausgezählt;18;4;3;nein;
2025-05-26;Gemeinderat;SV-73/2025;Anreizprogramme Klimaschutz 2025;ausgezählt;19;1;5;nein;
2025-06-23;Gemeinderat;SV-90/2025;Projekt Zertifizierung „Gesunde Stadt/Gesunde Gemeinde“ der Stadt Bad Waldsee;einstimmig;;;;ja;
2025-06-23;Gemeinderat;SV-98/2025;Abgabe des Löschgruppenfahrzeug LF 16/12 an die Ukraine;einstimmig;;;;ja;
2025-07-07;Ausschuss für Umwelt, Technik und Nachhaltigkeit;SV-28/2025;"2. Änderung des Bebauungsplanes ""Sport- und Gesundheitspark Hopfenweiler"" und die örtlichen Bauvorschriften hierzu, Gemarkung Waldsee – Abwägungs- und Entwurfsbeschluss";ausgezählt;13;0;1;nein;
2025-07-07;Ausschuss für Umwelt, Technik und Nachhaltigkeit;SV-30/2025;"17. Änderung des Flächennutzungsplans der vereinbarten Verwaltungsgemeinschaft Bad Waldsee-Bergatreute im Bereich der ""2. Änderung des Sport- und Gesundheitspark Hopfenweiler"", Gemarkung Waldsee – Abwägungs- und Entwurfsbeschluss";einstimmig;;;;ja;
2025-07-07;Ausschuss für Umwelt, Technik und Nachhaltigkeit;SV-96/2024;"Vorhabenbezogener Bebauungsplan ""Waldseer Straße"" und die örtlichen Bauvorschriften hierzu, Gemarkung Mittelurbach – Abwägungs- und Entwurfsbeschluss";einstimmig;;;;ja;
2025-07-07;Ausschuss für Umwelt, Technik und Nachhaltigkeit;SV-25/2025;15. Änderung des Flächennutzungsplans der vereinbarten Verwaltungsgemeinschaft Bad Waldsee-Bergatreute für die Wohnbaufläche im Bereich Waldseer Straße, Gemarkung Mittelurbach – Abwägungs- und Entwurfsbeschluss;einstimmig;;;;ja;
2025-07-07;Ausschuss für Umwelt, Technik und Nachhaltigkeit;SV-58/2025;"21. Änderung des Flächennutzungsplans der vereinbarten Verwaltungsgemeinschaft Bad Waldsee-Bergatreute im Bereich des Bebauungsplanes ""Lohbühl I - Erweiterung"", Gemarkung Bergatreute - Aufstellungsbeschluss";einstimmig;;;;ja;
2025-07-21;Gemeinderat;SV-25/2025;15. Änderung des Flächennutzungsplans der vereinbarten Verwaltungsgemeinschaft Bad Waldsee-Bergatreute für die Wohnbaufläche im Bereich Waldseer Straße, Gemarkung Mittelurbach – Abwägungs- und Entwurfsbeschluss;einstimmig;;;;ja;
2025-07-21;Gemeinderat;SV-30/2025;"17. Änderung des Flächennutzungsplans der vereinbarten Verwaltungsgemeinschaft Bad Waldsee-Bergatreute im Bereich der ""2. Änderung des Sport- und Gesundheitspark Hopfenweiler"", Gemarkung Waldsee – Abwägungs- und Entwurfsbeschluss";einstimmig;;;;ja;
2025-07-21;Gemeinderat;SV-58/2025;"21. Änderung des Flächennutzungsplans der vereinbarten Verwaltungsgemeinschaft Bad Waldsee-Bergatreute im Bereich des Bebauungsplanes ""Lohbühl I - Erweiterung"", Gemarkung Bergatreute - Aufstellungsbeschluss";einstimmig;;;;ja;
2025-07-21;Gemeinderat;SV-112/2025;Annahme und Vermittlung von Spenden und Sponsoring aus dem 1. Halbjahr 2025;einstimmig;;;;ja;
2025-07-21;Gemeinderat;SV-91/2025;Mietspiegel Bad Waldsee 2025 - Anerkennung als qualifizierter Mietspiegel;einstimmig;;;;ja;
2025-07-21;Gemeinderat;SV-103/2025;"Änderung der Satzung zur Offenhaltung der Einzelhandelsgeschäfte in Bad Waldsee am Sonntag der ""Zukunftstage Bad Waldsee""";einstimmig;;;;ja;
2025-07-21;Gemeinderat;SV-132/2025;Jubiläumsjahr 2026;ausgezählt;23;3;0;nein;300000
2025-07-21;Gemeinderat;SV-131/2025;Digitalisierung von Reisemobilstellplätzen bei der Waldsee-Therme;einstimmig;;;;ja;
2025-07-21;Gemeinderat;SV-117/2025;Neubau Erweiterung Gymnasium Bad Waldsee- aktueller Stand Planung und Baustelle;einstimmig;;;;ja;
2025-07-29;Gemeinsamer Ausschuss der Vereinbarten Verwaltungsgemeinschaft Bad Waldsee-Bergatreute;SV-25/2025;15. Änderung des Flächennutzungsplans der vereinbarten Verwaltungsgemeinschaft Bad Waldsee-Bergatreute für die Wohnbaufläche im Bereich Waldseer Straße, Gemarkung Mittelurbach – Abwägungs- und Entwurfsbeschluss;einstimmig;;;;ja;
2025-07-29;Gemeinsamer Ausschuss der Vereinbarten Verwaltungsgemeinschaft Bad Waldsee-Bergatreute;SV-30/2025;"17. Änderung des Flächennutzungsplans der vereinbarten Verwaltungsgemeinschaft Bad Waldsee-Bergatreute im Bereich der ""2. Änderung des Sport- und Gesundheitspark Hopfenweiler"", Gemarkung Waldsee – Abwägungs- und Entwurfsbeschluss";einstimmig;;;;ja;
2025-07-29;Gemeinsamer Ausschuss der Vereinbarten Verwaltungsgemeinschaft Bad Waldsee-Bergatreute;SV-58/2025;"21. Änderung des Flächennutzungsplans der vereinbarten Verwaltungsgemeinschaft Bad Waldsee-Bergatreute im Bereich des Bebauungsplanes ""Lohbühl I - Erweiterung"", Gemarkung Bergatreute - Aufstellungsbeschluss";einstimmig;;;;ja;
2025-09-15;Ausschuss für Umwelt, Technik und Nachhaltigkeit;SV-137/2025;"Bebauungsplan ""Feuerwehrgerätehaus Michelwinnaden"" und die örtlichen Bauvorschriften hierzu, Gemarkung Michelwinnaden - Aufstellungsbeschluss";einstimmig;;;;ja;
2025-09-15;Ausschuss für Umwelt, Technik und Nachhaltigkeit;SV-138/2025;"22. Änderung des Flächennutzungsplans der vereinbarten Verwaltungsgemeinschaft Bad Waldsee-Bergatreute im Bereich der Gemeinbedarfsfläche ""Feuerwehrgerätehaus Michelwinnaden""-  Gemarkung Michelwinnaden - Aufstellungsbeschluss";einstimmig;;;;ja;
2025-09-16;Verwaltungsausschuss;SV-145/2025;Sanierung Dach Baubetriebshof Schützenstraße 27 - außerplanmäßige Ausgaben;einstimmig;;;;ja;
2025-09-29;Gemeinderat;SV-146/2025;Örtliche Bedarfsplanung für das Kindergartenjahr 2025/2026;einstimmig;;;;ja;
2025-09-29;Gemeinderat;SV-138/2025;"22. Änderung des Flächennutzungsplans der vereinbarten Verwaltungsgemeinschaft Bad Waldsee-Bergatreute im Bereich der Gemeinbedarfsfläche ""Feuerwehrgerätehaus Michelwinnaden""-  Gemarkung Michelwinnaden - Aufstellungsbeschluss";einstimmig;;;;ja;
2025-09-29;Gemeinderat;SV-156/2025;Durchführungsbeschluss und Vergabe Bauleistungen Erweiterung Kindergarten und Ortschaftsverwaltung Gaisbeuren;ausgezählt;22;2;0;nein;
2025-09-29;Gemeinderat;SV-155/2025;2. Ausschreibungsrunde PV-Anlagen;einstimmig;;;;ja;
2025-09-29;Gemeinderat;SV-92/2025;Neukalkulation und Festlegung der Kurtaxe;einstimmig;;;;ja;
2025-09-29;Gemeinderat;SV-173/2025;Neufassung der Satzung über die Erhebung einer Kurtaxe;einstimmig;;;;ja;
2025-09-29;Gemeinderat;SV-162/2025;Annahme und Vermittlung von Zuwendungen im Rahmen von Geldspenden;einstimmig;;;;ja;
2025-09-30;Gemeinsamer Ausschuss der Vereinbarten Verwaltungsgemeinschaft Bad Waldsee-Bergatreute;SV-138/2025;"22. Änderung des Flächennutzungsplans der vereinbarten Verwaltungsgemeinschaft Bad Waldsee-Bergatreute im Bereich der Gemeinbedarfsfläche ""Feuerwehrgerätehaus Michelwinnaden""-  Gemarkung Michelwinnaden - Aufstellungsbeschluss";einstimmig;;;;ja;
2025-10-06;Ausschuss für Umwelt, Technik und Nachhaltigkeit;SV-182/2025;Jahresabschluss 2024 Eigenbetrieb Städt. Abwasserbeseitigung;einstimmig;;;;ja;
2025-10-06;Ausschuss für Umwelt, Technik und Nachhaltigkeit;SV-164/2025;"17. Änderung des Flächennutzungsplans der Vereinbarten Verwaltungsgemeinschaft Bad Waldsee-Bergatreute im Bereich der ""2. Änderung des Sport- und Gesundheitsparks Hopfenweiler"", Gemarkung Waldsee – Abwägungs- und Feststellungsbeschluss";einstimmig;;;;ja;
2025-10-06;Ausschuss für Umwelt, Technik und Nachhaltigkeit;SV-163/2025;"1. Änderung des Bebauungsplanes ""Biberacher Straße Nord"" und die örtlichen Bauvorschriften hierzu, Gemarkung Waldsee - Aufstellungsbeschluss";einstimmig;;;;ja;
2025-10-06;Ausschuss für Umwelt, Technik und Nachhaltigkeit;SV-168/2025;"Satzung über die Veränderungssperre für den Bereich der 1. Änderung des Bebauungsplanes ""Biberacher Straße Nord"", Gemarkung Waldsee";einstimmig;;;;ja;
2025-10-06;Ausschuss für Umwelt, Technik und Nachhaltigkeit;SV-171/2025;"Vorhabenbezogener Bebauungsplan ""Frauenbergstraße-Friedhofstraße"" und die örtlichen Bauvorschriften hierzu, Gemarkung Waldsee - Abwägung und Satzungsbeschluss";ausgezählt;11;0;1;nein;
2025-10-21;Gemeinderat;SV-204/2025;Antrag Bündnis 90/Die Grünen - Großspeicher;ausgezählt;22;1;0;nein;
2025-10-21;Gemeinderat;SV-199/2025;Zustimmung zur Wahl des Abteilungskommandanten und seines Stellvertreters der Freiwilligen Feuerwehr, Einsatzabteilung Reute-Gaisbeuren;einstimmig;;;;ja;
2025-10-21;Gemeinderat;SV-189/2025;Anpassung der Elternbeiträge für die Ganztagesbetreuung ab dem 01.02.2026;einstimmig;;;;ja;
2025-10-21;Gemeinderat;SV-164/2025;"17. Änderung des Flächennutzungsplans der Vereinbarten Verwaltungsgemeinschaft Bad Waldsee-Bergatreute im Bereich der ""2. Änderung des Sport- und Gesundheitsparks Hopfenweiler"", Gemarkung Waldsee – Abwägungs- und Feststellungsbeschluss";einstimmig;;;;ja;
2025-10-21;Gemeinderat;SV-171/2025;"Vorhabenbezogener Bebauungsplan ""Frauenbergstraße-Friedhofstraße"" und die örtlichen Bauvorschriften hierzu, Gemarkung Waldsee - Abwägung und Satzungsbeschluss";ausgezählt;20;1;2;nein;
2025-10-21;Gemeinderat;SV-168/2025;"Satzung über die Veränderungssperre für den Bereich der 1. Änderung des Bebauungsplanes ""Biberacher Straße Nord"", Gemarkung Waldsee";einstimmig;;;;ja;
2025-10-21;Gemeinderat;SV-202/2025;Vorkaufsrechtssatzung Fuß- und Radweg Frauenberg;einstimmig;;;;ja;
2025-10-21;Gemeinderat;SV-182/2025;Jahresabschluss 2024 Eigenbetrieb Städt. Abwasserbeseitigung;einstimmig;;;;ja;
2025-10-21;Gemeinderat;SV-186/2025;;einstimmig;;;;ja;
2025-10-21;Gemeinderat;SV-181/2025;;einstimmig;;;;ja;
2025-10-21;Gemeinderat;SV-192/2025;;einstimmig;;;;ja;
2025-10-21;Gemeinderat;SV-187/2025;Bestellung des Abschlussprüfers für das Geschäftsjahr 2025 für den Eigenbetrieb Städtische Rehakliniken;einstimmig;;;;ja;
2025-10-21;Gemeinderat;SV-191/2025;Bestellung Abschlussprüfer für das Geschäftsjahr 2025 für die Stadtwerke Bad Waldsee GmbH;einstimmig;;;;ja;
2025-10-21;Gemeinderat;SV-197/2025;Beteiligungsbericht für das Jahr 2024;einstimmig;;;;ja;
2025-10-21;Gemeinderat;SV-200/2025;Pflegesatzverhandlungen Städt. Alten- und Pflegeheim Spital zum Hl. Geist;einstimmig;;;;ja;
2025-10-22;Gemeinsamer Ausschuss der Vereinbarten Verwaltungsgemeinschaft Bad Waldsee-Bergatreute;SV-164/2025;"17. Änderung des Flächennutzungsplans der Vereinbarten Verwaltungsgemeinschaft Bad Waldsee-Bergatreute im Bereich der ""2. Änderung des Sport- und Gesundheitsparks Hopfenweiler"", Gemarkung Waldsee – Abwägungs- und Feststellungsbeschluss";einstimmig;;;;ja;
2025-11-10;Gemeinderat;SV-224/2025;Beratung über den Antrag der CDU-Fraktion zum Thema Biosphärengebiet;ausgezählt;18;7;0;nein;
2025-11-10;Gemeinderat;SV-217/2025;Volkshochschule Bad Waldsee - Neufestsetzung der Teilnehmergebühren und Änderung des § 3 Abs. 2 der Gebührensatzung sowie Neufestsetzung der Dozentenhonorare und Änderung des § 3 Abs. 2 der Honorarordnung;einstimmig;;;;ja;
2025-11-10;Gemeinderat;SV-179/2025;Flächenmanagement – Aktivierung von Bestandspotentiale – Einführung Förderlinien;einstimmig;;;;ja;
2025-11-10;Gemeinderat;SV-222/2025;Abriss Augustinerstr. 21, Haslachstr. 26 - außerplanmäßige Ausgaben;einstimmig;;;;ja;
2025-11-10;Gemeinderat;SV-223/2025;Barrierefreier Neubau Verbindungsbau Ravensburger Str.1 zu Ravensburger Str. 2;einstimmig;;;;ja;1450000
2025-11-25;Verwaltungsausschuss;SV-172/2025;Bürgerfest 2022 – Endabrechnung;ausgezählt;11;0;1;nein;
2025-11-25;Verwaltungsausschuss;SV-214/2025;"Verteilung des Fördertopfs ""Soziale Hilfen"" | Zuschüsse für sozial caritativ tätige Vereine und Gruppierungen";einstimmig;;;;ja;
2025-11-25;Verwaltungsausschuss;SV-219/2025;Antrag der seenema eG auf Verlängerung des Zuschusses durch die Stadt;einstimmig;;;;ja;
2025-12-01;Gemeinderat;SV-228/2025;Stellungnahme an den Regionalverband Donau-Iller zur Fortschreibung des Kapitels Windkraft im Regionalplan Donau-Iller;ausgezählt;22;3;0;nein;
2025-12-01;Gemeinderat;SV-241/2025;Bauabrechnung Erweiterung (Neubau) Verwaltungsgebäude Hauptstraße 10-12;einstimmig;;;;ja;3810850
2025-12-01;Gemeinderat;SV-244/2025;Bauabrechnung Umbau Garagengebäude Hauptstr. 12/1 zum Bürgerbüro;einstimmig;;;;ja;1243007
2025-12-01;Gemeinderat;SV-239/2025;Jahresabschluss 2022 der Stadt Bad Waldsee;einstimmig;;;;ja;
2025-12-01;Gemeinderat;SV-227/2025;Jahresabschluss 2024 Eigenbetrieb Städt. Alten- und Pflegeheim;einstimmig;;;;ja;
2025-12-01;Gemeinderat;SV-188/2025;Bestellung des Abschlussprüfers für das Geschäftsjahr 2025 für die Kurbetriebe Bad Waldsee Dienstleistungs-GmbH;einstimmig;;;;ja;
2025-12-01;Gemeinderat;SV-231/2025;"Sanierungsgebiet ""Altstadt III"" – 3. Änderungssatzung zur Erweiterung des Sanierungsgebietes";einstimmig;;;;ja;
2025-12-01;Gemeinderat;SV-248/2025;Bürgerbühne Dorfgemeinschaftshaus Gaisbeuren: Zwischenfinanzierung;einstimmig;;;;ja;
2025-12-08;Gemeinderat;SV-259/2025;Änderung der Entschädigungssatzung | Ergänzung um Wahlhelfer in § 3a;einstimmig;;;;ja;
2026-01-19;Ausschuss für Umwelt, Technik und Nachhaltigkeit;SV-270/2025;Haushalt 2026 - Große Kreisstadt Bad Waldsee;einstimmig;;;;ja;
2026-01-19;Ausschuss für Umwelt, Technik und Nachhaltigkeit;SV-273/2025;Wirtschaftsplan 2026 - Eigenbetrieb Städtische Abwasserbeseitigung;einstimmig;;;;ja;
2026-01-20;Verwaltungsausschuss;SV-277/2025;Antrag auf Kultuförderung – Spektrum K - UMANAND 2026;einstimmig;;;;ja;
2026-01-20;Verwaltungsausschuss;SV-270/2025;Haushalt 2026 - Große Kreisstadt Bad Waldsee;einstimmig;;;;ja;
2026-02-02;Gemeinderat;SV-268/2025;;einstimmig;;;;ja;
2026-02-02;Gemeinderat;SV-267/2025;;einstimmig;;;;ja;
2026-02-02;Gemeinderat;SV-7/2026;;ausgezählt;25;0;1;nein;
2026-02-02;Gemeinderat;SV-8/2026;;einstimmig;;;;ja;
2026-02-02;Gemeinderat;SV-20/2026;;einstimmig;;;;ja;
2026-02-02;Gemeinderat;SV-21/2026;Haushalt 2026 - Große Kreisstadt Bad Waldsee;einstimmig;;;;ja;
2026-02-02;Gemeinderat;SV-24/2026;Wirtschaftsplan 2026 - Eigenbetrieb Städtische Rehakliniken;einstimmig;;;;ja;
2026-02-02;Gemeinderat;SV-23/2026;Wirtschaftsplan 2026 – Städtisches Alten und Pflegeheim Spital zum Hl. Geist;einstimmig;;;;ja;
2026-02-02;Gemeinderat;SV-22/2026;Wirtschaftsplan 2026 - Eigenbetrieb Städtische Abwasserbeseitigung;einstimmig;;;;ja;
2026-02-02;Gemeinderat;SV-19/2026;Gewährung eines Betriebsmittelkredits nach Bedarf an den Wasserversorgungsverband Obere Schussentalgruppe;einstimmig;;;;ja;1000000
2026-02-02;Gemeinderat;SV-2/2026;Vereinbarung zur Kostenübernahme für die Erweiterungsgruppen im Kindergarten St. Maria in Michelwinnaden sowie im Kindergarten St. Leonhard in Gaisbeuren;einstimmig;;;;ja;
2026-02-02;Gemeinderat;SV-279/2025;Anpassung des Abgabepreises für das Mittagessen am Bildungszentrum Döchtbühl und der Durlesbachschule Reute ab dem 01. April 2026;ausgezählt;24;3;0;nein;
2026-02-02;Gemeinderat;SV-1/2026;Information zur Umsetzung des Ganztagsförderungsgesetzes (GaFöG) sowie Festlegung der Betreuungszeiten an den kommunalen Grundschulen und dem SBBZ-L in Bad Waldsee ab dem Schuljahr 2026/2027;einstimmig;;;;ja;
2026-02-02;Gemeinderat;SV-5/2025;"Bebauungsplan ""Drei-Eichen VI"" (Teilbereich B) und die örtlichen Bauvorschriften hierzu, Gemarkung Gaisbeuren - Abwägung und Satzungsbeschluss";ausgezählt;23;0;3;nein;
2026-02-02;Gemeinderat;SV-13/2025;"20. Änderung des Flächennutzungsplans im Teilbereich B des Bebauungsplans (R18) ""Drei-Eichen VI"" der vereinbarten Verwaltungsgemeinschaft Bad Waldsee-Bergatreute, Gemarkung Gaisbeuren - Abwägung und Feststellungsbeschluss";ausgezählt;23;0;3;nein;
2026-02-02;Gemeinderat;SV-27/2026;Bodo-Ringzug: Entscheidung über Projektteilnahme und Finanzierungsanteil;einstimmig;;;;ja;1622098
2026-02-02;Gemeinderat;SV-230/2025;Neubau 2 Feld Sporthalle am Gymnasium Durchführungsbeschluss;einstimmig;;;;ja;9150000
2026-02-02;Gemeinderat;SV-4/2026;tut gut - Magazin. Das neue Magazin der Großen Kreiststadt Bad Waldsee;einstimmig;;;;ja;
2026-02-03;Gemeinsamer Ausschuss der Vereinbarten Verwaltungsgemeinschaft Bad Waldsee-Bergatreute;SV-13/2025;"20. Änderung des Flächennutzungsplans im Teilbereich B des Bebauungsplans (R18) ""Drei-Eichen VI"" der vereinbarten Verwaltungsgemeinschaft Bad Waldsee-Bergatreute, Gemarkung Gaisbeuren - Abwägung und Feststellungsbeschluss";einstimmig;;;;ja;
2026-03-02;Gemeinderat;SV-250/2025;Sportlerehrung für das Jahr 2025 und Anpassung der Ehrungsordnung für Sportler;einstimmig;;;;ja;
2026-03-02;Gemeinderat;SV-36/2026;Förderung einer weiteren Großtagespflegestelle im Gebäude Biberacher Straße 24;einstimmig;;;;ja;
2026-03-02;Gemeinderat;SV-9/2026;Annahme und Vermittlung von Spenden und Sponsoring aus dem 2. Halbjahr 2025;einstimmig;;;;ja;
2026-03-02;Gemeinderat;SV-42/2026;Gemeindliches Einvernehmen zu Windenergieanlagen zwischen Oberurbach und Hittisweiler;ausgezählt;21;4;1;nein;
2026-03-02;Gemeinderat;SV-49/2026;Sanierungsgebiet „Altstadt III“ – 4. Änderungssatzung zur Teilaufhebung des Sanierungsgebietes;einstimmig;;;;ja;
2026-03-23;Ausschuss für Umwelt, Technik und Nachhaltigkeit;SV-165/2025;"2. Änderung des Bebauungsplanes ""Sport- und Gesundheitspark Hopfenweiler"" und die örtlichen Bauvorschriften hierzu, Gemarkung Waldsee – Abwägungs- und Satzungsbeschluss";ausgezählt;12;0;2;nein;
2026-03-23;Ausschuss für Umwelt, Technik und Nachhaltigkeit;SV-276/2025;Anreizprogramme Klimaschutz 2026;ausgezählt;12;0;2;nein;
2026-03-23;Ausschuss für Umwelt, Technik und Nachhaltigkeit;SV-18/2026;"1. Änderung des Bebauungsplans ""Biberacher Straße Nord"" und die örtlichen Bauvorschriften hierzu, Gemarkung Waldsee – Abwägungs- und Entwurfsbeschluss";einstimmig;;;;ja;
2026-03-23;Ausschuss für Umwelt, Technik und Nachhaltigkeit;SV-14/2026;"Bebauungsplan ""Feuerwehrgerätehaus Michelwinnaden"" und die örtlichen Bauvorschriften hierzu, Gemarkung Michelwinnaden – Abwägungs- und Entwurfsbeschluss";einstimmig;;;;ja;
2026-03-23;Ausschuss für Umwelt, Technik und Nachhaltigkeit;SV-16/2026;22. Änderung des Flächennutzungsplans der vereinbarten Verwaltungsgemeinschaft Bad Waldsee-Bergatreute im Bereich des Bebauungsplanes „Feuerwehrgerätehaus Michelwinnaden“, Gemarkung Michelwinnaden – Abwägungs- und Entwurfsbeschluss;einstimmig;;;;ja;
2026-03-23;Ausschuss für Umwelt, Technik und Nachhaltigkeit;SV-17/2026;"21. Änderung des Flächennutzungsplans der vereinbarten Verwaltungsgemeinschaft Bad Waldsee-Bergatreute im Bereich des Bebauungsplans ""Lohbühl I - Erweiterung"", Gemarkung Bergatreute – Abwägungs- und Entwurfsbeschluss";ausgezählt;12;0;2;nein;
2026-03-24;Verwaltungsausschuss;SV-31/2026;Gewährung eines Zuschusses an den Kinderschutzbund;einstimmig;;;;ja;
2026-04-13;Gemeinderat;SV-66/2026;Wahl des 2. Stellvertreters des Ortsvorstehers im Ortschaftsrat Reute-Gaisbeuren;einstimmig;;;;ja;
2026-04-13;Gemeinderat;SV-61/2026;Zustimmung zur Wahl des Abteilungskommandanten und seines Stellvertreters der Freiwilligen Feuerwehr, Einsatzabteilung Michelwinnaden;einstimmig;;;;ja;
2026-04-13;Gemeinderat;SV-269/2025;Vorstellung Zukunftskommune Oberschwaben und Klimaschutzmaßnahmen;einstimmig;;;;ja;
2026-04-13;Gemeinderat;SV-71/2026;Jahresabschluss 2023 der Stadt Bad Waldsee;einstimmig;;;;ja;
2026-04-13;Gemeinderat;SV-17/2026;"21. Änderung des Flächennutzungsplans der vereinbarten Verwaltungsgemeinschaft Bad Waldsee-Bergatreute im Bereich des Bebauungsplans ""Lohbühl I - Erweiterung"", Gemarkung Bergatreute – Abwägungs- und Entwurfsbeschluss";einstimmig;;;;ja;
2026-04-13;Gemeinderat;SV-16/2026;22. Änderung des Flächennutzungsplans der vereinbarten Verwaltungsgemeinschaft Bad Waldsee-Bergatreute im Bereich des Bebauungsplanes „Feuerwehrgerätehaus Michelwinnaden“, Gemarkung Michelwinnaden – Abwägungs- und Entwurfsbeschluss;einstimmig;;;;ja;
2026-04-13;Gemeinderat;SV-165/2025;"2. Änderung des Bebauungsplanes ""Sport- und Gesundheitspark Hopfenweiler"" und die örtlichen Bauvorschriften hierzu, Gemarkung Waldsee – Abwägungs- und Satzungsbeschluss";ausgezählt;24;0;2;nein;
2026-04-13;Gemeinderat;SV-60/2026;Neubau Feuerwehrgebäude Michelwinnaden - Durchführungsbeschluss;einstimmig;;;;ja;1620000
2026-04-13;Gemeinderat;SV-67/2026;Gemeindliches Einvernehmen zu Windenergieanlagen bei Osterhofen;ausgezählt;19;5;1;nein;
2026-04-15;Gemeinsamer Ausschuss der Vereinbarten Verwaltungsgemeinschaft Bad Waldsee-Bergatreute;SV-16/2026;22. Änderung des Flächennutzungsplans der vereinbarten Verwaltungsgemeinschaft Bad Waldsee-Bergatreute im Bereich des Bebauungsplanes „Feuerwehrgerätehaus Michelwinnaden“, Gemarkung Michelwinnaden – Abwägungs- und Entwurfsbeschluss;einstimmig;;;;ja;
2026-04-15;Gemeinsamer Ausschuss der Vereinbarten Verwaltungsgemeinschaft Bad Waldsee-Bergatreute;SV-17/2026;"21. Änderung des Flächennutzungsplans der vereinbarten Verwaltungsgemeinschaft Bad Waldsee-Bergatreute im Bereich des Bebauungsplans ""Lohbühl I - Erweiterung"", Gemarkung Bergatreute – Abwägungs- und Entwurfsbeschluss";einstimmig;;;;ja;
2026-04-27;Ausschuss für Umwelt, Technik und Nachhaltigkeit;SV-80/2026;Carlensteichweg - erstmalige, endgültige Herstellung Planungsbeschluss;einstimmig;;;;ja;
2026-05-11;Gemeinderat;SV-53/2026;"Vorhabenbezogener Bebauungsplan ""Friedhofstraße"" und die örtlichen Bauvorschriften hierzu, Gemarkung Waldsee - Aufstellungsbeschluss";ausgezählt;24;0;3;nein;
2026-05-11;Gemeinderat;SV-81/2026;Gebührenerhöhung - Eintritt Strand- und Freibad;einstimmig;;;;ja;
2026-05-11;Gemeinderat;SV-74/2026;Neufassung des Vertrags mit der Katholischen Kirchengemeinde über die Förderung der kirchlichen Kindertagesstätten Gut Beth in Reute und St. Leonhard in Gaisbeuren;einstimmig;;;;ja;
2026-05-11;Gemeinderat;SV-91/2026;Baumaßnahme Erweiterung Klinik Mayenbad;einstimmig;;;;ja;
2026-05-11;Gemeinderat;SV-76/2026;Annahme und Vermittlung von Zuwendungen im Rahmen von Geldspenden;einstimmig;;;;ja;
2026-05-11;Gemeinderat;SV-96/2026;Annahme einer Zahlung nach § 6 EEG 2023;einstimmig;;;;ja;
2026-06-09;Verwaltungsausschuss;SV-106/2026;Abrechnung Stadtsee Aktivweg;einstimmig;;;;ja;
2026-06-09;Verwaltungsausschuss;SV-85/2026;Vergabe der Schul- und Kindergartenverpflegung;einstimmig;;;;ja;
2026-06-29;Gemeinderat;SV-68/2026;Betriebsplanung der Forsteinrichtung im Stadtwald Bad Waldsee für die Jahre 2026 - 2035;einstimmig;;;;ja;
2026-06-29;Gemeinderat;SV-113/2026;Anpassung der Vergnügungssteuersatzung;einstimmig;;;;ja;
2026-06-29;Gemeinderat;SV-114/2026;Anpassung der Hundesteuersatzung;ausgezählt;1;17;4;nein;
2026-06-29;Gemeinderat;SV-114/2026;Anpassung der Hundesteuersatzung;ausgezählt;21;1;0;nein;
2026-07-06;Ausschuss für Umwelt, Technik und Nachhaltigkeit;SV-51/2026;3. Ausschreibungsrunde PV-Anlagen;einstimmig;;;;ja;
2026-07-06;Ausschuss für Umwelt, Technik und Nachhaltigkeit;SV-101/2026;"1. Änderung des Bebauungsplans ""Biberacher Straße Nord"" und die örtlichen Bauvorschriften hierzu, Gemarkung Waldsee – Abwägungs- und Satzungsbeschluss";einstimmig;;;;ja;
2026-07-06;Ausschuss für Umwelt, Technik und Nachhaltigkeit;SV-102/2026;"Bebauungsplan ""Feuerwehrgerätehaus Michelwinnaden"" und die örtlichen Bauvorschriften hierzu, Gemarkung Michelwinnaden – Abwägungs- und Satzungsbeschluss";einstimmig;;;;ja;
2026-07-06;Ausschuss für Umwelt, Technik und Nachhaltigkeit;SV-103/2026;"22. Änderung des Flächennutzungsplans der vereinbarten Verwaltungsgemeinschaft Bad Waldsee-Bergatreute im Bereich des Bebauungsplans ""Feuerwehrgerätehaus Michelwinnaden"", Gemarkung Michelwinnaden - Abwägungs- und Feststellungsbeschluss";einstimmig;;;;ja;
2026-07-06;Ausschuss für Umwelt, Technik und Nachhaltigkeit;SV-166/2025;"Vorhabenbezogener Bebauungsplan ""Waldseer Straße"" und die örtlichen Bauvorschriften hierzu, Gemarkung Mittelurbach – Abwägungs- und Satzungsbeschluss";einstimmig;;;;ja;
2026-07-06;Ausschuss für Umwelt, Technik und Nachhaltigkeit;SV-167/2025;15. Änderung des Flächennutzungsplans der vereinbarten Verwaltungsgemeinschaft Bad Waldsee-Bergatreute für die Wohnbaufläche im Bereich des Bebauungsplans „Waldseer Straße“, Gemarkung Mittelurbach – Abwägungs- und Feststellungsbeschluss;einstimmig;;;;ja;
2026-07-06;Ausschuss für Umwelt, Technik und Nachhaltigkeit;SV-104/2026;"21. Änderung des Flächennutzungsplans der Vereinbarten Verwaltungsgemeinschaft Bad Waldsee-Bergatreute im Bereich des Bebauungsplans ""Lohbühl I - Erweiterung"", Gemeinde Bergatreute – Abwägungs- und Feststellungsbeschluss";ausgezählt;11;0;1;nein;
2026-07-20;Gemeinderat;SV-101/2026;"1. Änderung des Bebauungsplans ""Biberacher Straße Nord"" und die örtlichen Bauvorschriften hierzu, Gemarkung Waldsee – Abwägungs- und Satzungsbeschluss";einstimmig;;;;ja;
2026-07-20;Gemeinderat;SV-102/2026;"Bebauungsplan ""Feuerwehrgerätehaus Michelwinnaden"" und die örtlichen Bauvorschriften hierzu, Gemarkung Michelwinnaden – Abwägungs- und Satzungsbeschluss";einstimmig;;;;ja;
2026-07-20;Gemeinderat;SV-103/2026;"22. Änderung des Flächennutzungsplans der vereinbarten Verwaltungsgemeinschaft Bad Waldsee-Bergatreute im Bereich des Bebauungsplans ""Feuerwehrgerätehaus Michelwinnaden"", Gemarkung Michelwinnaden - Abwägungs- und Feststellungsbeschluss";einstimmig;;;;ja;
2026-07-20;Gemeinderat;SV-104/2026;"21. Änderung des Flächennutzungsplans der Vereinbarten Verwaltungsgemeinschaft Bad Waldsee-Bergatreute im Bereich des Bebauungsplans ""Lohbühl I - Erweiterung"", Gemeinde Bergatreute – Abwägungs- und Feststellungsbeschluss";ausgezählt;25;0;1;nein;
2026-07-20;Gemeinderat;SV-166/2025;"Vorhabenbezogener Bebauungsplan ""Waldseer Straße"" und die örtlichen Bauvorschriften hierzu, Gemarkung Mittelurbach – Abwägungs- und Satzungsbeschluss";einstimmig;;;;ja;
2026-07-20;Gemeinderat;SV-167/2025;15. Änderung des Flächennutzungsplans der vereinbarten Verwaltungsgemeinschaft Bad Waldsee-Bergatreute für die Wohnbaufläche im Bereich des Bebauungsplans „Waldseer Straße“, Gemarkung Mittelurbach – Abwägungs- und Feststellungsbeschluss;einstimmig;;;;ja;
2026-07-20;Gemeinderat;SV-130/2026;Steinstraße - Erstmalige, endgültige Herstellung - Planungsbeschluss;einstimmig;;;;ja;
2026-07-20;Gemeinderat;SV-116/2026;Annahme und Vermittlung von Spenden und Sponsoring aus dem 1. Halbjahr 2026;einstimmig;;;;ja;
2026-07-21;Gemeinsamer Ausschuss der Vereinbarten Verwaltungsgemeinschaft Bad Waldsee-Bergatreute;SV-103/2026;"22. Änderung des Flächennutzungsplans der vereinbarten Verwaltungsgemeinschaft Bad Waldsee-Bergatreute im Bereich des Bebauungsplans ""Feuerwehrgerätehaus Michelwinnaden"", Gemarkung Michelwinnaden - Abwägungs- und Feststellungsbeschluss";einstimmig;;;;ja;
2026-07-21;Gemeinsamer Ausschuss der Vereinbarten Verwaltungsgemeinschaft Bad Waldsee-Bergatreute;SV-104/2026;"21. Änderung des Flächennutzungsplans der Vereinbarten Verwaltungsgemeinschaft Bad Waldsee-Bergatreute im Bereich des Bebauungsplans ""Lohbühl I - Erweiterung"", Gemeinde Bergatreute – Abwägungs- und Feststellungsbeschluss";einstimmig;;;;ja;
2026-07-21;Gemeinsamer Ausschuss der Vereinbarten Verwaltungsgemeinschaft Bad Waldsee-Bergatreute;SV-167/2025;15. Änderung des Flächennutzungsplans der vereinbarten Verwaltungsgemeinschaft Bad Waldsee-Bergatreute für die Wohnbaufläche im Bereich des Bebauungsplans „Waldseer Straße“, Gemarkung Mittelurbach – Abwägungs- und Feststellungsbeschluss;einstimmig;;;;ja;
