datum;gremium;nummer;titel;vorlage
2024-01-22;Ausschuss für Umwelt und Technik;1;Bekanntgabe der in nichtöffentlicher Sitzung getroffenen Entscheidung/en;
2024-01-22;Ausschuss für Umwelt und Technik;2;Haushaltsplan und Haushaltssatzung 2024 – Große Kreisstadt Bad Waldsee;SV-252/2023
2024-01-22;Ausschuss für Umwelt und Technik;3;Wirtschaftsplan 2024 - Eigenbetrieb städt. Abwasserbeseitigung;SV-249/2023
2024-01-22;Ausschuss für Umwelt und Technik;4;Verschiedenes;
2024-01-22;Ausschuss für Umwelt und Technik;5;Bekanntgaben;
2024-01-23;Verwaltungsausschuss;1;Bekanntgabe der in nichtöffentlicher Sitzung getroffenen Entscheidung/en;
2024-01-23;Verwaltungsausschuss;2;Haushaltsplan und Haushaltssatzung 2024 – Große Kreisstadt Bad Waldsee;SV-252/2023
2024-01-23;Verwaltungsausschuss;3;Wirtschaftsplan 2024 - Alten- und Pflegeheim Spital zum Heiligen Geist;SV-251/2023
2024-01-23;Verwaltungsausschuss;4;Verschiedenes;
2024-01-23;Verwaltungsausschuss;5;Bekanntgaben;
2024-01-29;Gemeinderat;1;Bekanntgabe der in nichtöffentlicher Sitzung getroffenen Entscheidung/en;
2024-01-29;Gemeinderat;2;Haushaltsplan und Haushaltssatzung 2024 – Große Kreisstadt Bad Waldsee;SV-252/2023
2024-01-29;Gemeinderat;3;Wirtschaftspläne mit Finanzplanung für das Wirtschaftsjahr 2024;
2024-01-29;Gemeinderat;4;Annahme und Vermittlung von Spenden und Zuwendungen aus dem 2. Halbjahr 2023;SV-5/2024
2024-01-29;Gemeinderat;5;Beschaffung von Strom und Gas für den Lieferzeitraum ab dem 01.01.2025;SV-7/2024
2024-01-29;Gemeinderat;6;Erweiterung des Gymnasiums;SV-2/2024
2024-01-29;Gemeinderat;7;Verschiedenes;
2024-01-29;Gemeinderat;8;Bekanntgaben;
2024-02-26;Gemeinderat;1;Bekanntgabe der in nichtöffentlicher Sitzung getroffenen Entscheidung/en;
2024-02-26;Gemeinderat;2;Informationen des Oberbürgermeisters;
2024-02-26;Gemeinderat;3;Einwohnerfragestunde;
2024-02-26;Gemeinderat;4;"Bebauungsplan ""2. Erweiterung Gewerbepark Wasserstall"" und die örtlichen Bauvorschriften hierzu, Gemarkung Waldsee mit 2. Änderung des Bebauungsplans ""1. Erweiterung Gewerbepark Wasserstall"" und 3. Änderung des Bebauungsplans ""Gewerbepark Wasserstall"", Gemarkung Waldsee - Abwägung und Satzungsbeschluss";SV-3/2024
2024-02-26;Gemeinderat;5;12. Änderung des Flächennutzungsplans der vereinbarten Verwaltungsgemeinschaft Bad Waldsee-Bergatreute für die geplante gewerbliche Baufläche im Bereich Wasserstall, Gemarkung Waldsee - Abwägung und Feststellungsbeschluss;SV-4/2024
2024-02-26;Gemeinderat;6;Gewerbepark Wasserstall (2. Erweiterung) - Durchführungsbeschluss;SV-26/2024
2024-02-26;Gemeinderat;7;"Baugebiet ""Drei Eichen VI"" – Abwicklung über einen Erschließungsträger";SV-24/2024
2024-02-26;Gemeinderat;8;Sanierung Kapelle Osterhofen - Durchführungsbeschluss;SV-20/2024
2024-02-26;Gemeinderat;9;Strand- und Freibad: Einführung eines ermäßigten Tarifs für Rentner und Pensionäre;SV-1/2024
2024-02-26;Gemeinderat;10;Verkaufsoffener Sonntag im Frühling: Erweiterung des Anlasses um den Bad Waldseer Kultursonntag und Änderung der Satzung;SV-246/2023
2024-02-26;Gemeinderat;11;Kreditaufnahme für den Eigenbetrieb Städt. Abwasserbeseitigung;SV-29/2024
2024-02-26;Gemeinderat;12;Anpassung der Stellplatzablösebeträge;SV-224/2023
2024-02-26;Gemeinderat;13;Anpassung der städtischen Förderrichtlinien im Rahmen der Denkmal- und Stadtbildpflege;SV-225/2023
2024-02-26;Gemeinderat;14;Ehrung eines Stadtrates und eines Ortsvorstehers;
2024-02-26;Gemeinderat;15;Verschiedenes;
2024-02-26;Gemeinderat;16;Bekanntgaben;
2024-02-27;Gemeinsamer Ausschuss der Vereinbarten Verwaltungsgemeinschaft Bad Waldsee-Bergatreute;1;12. Änderung des Flächennutzungsplans der vereinbarten Verwaltungsgemeinschaft Bad Waldsee-Bergatreute für die geplante gewerbliche Baufläche im Bereich Wasserstall, Gemarkung Waldsee - Abwägung und Feststellungsbeschluss;SV-4/2024
2024-02-27;Gemeinsamer Ausschuss der Vereinbarten Verwaltungsgemeinschaft Bad Waldsee-Bergatreute;2;15. Änderung des Flächennutzungsplans der vereinbarten Verwaltungsgemeinschaft Bad Waldsee-Bergatreute für die Wohnbaufläche im Bereich Waldseer Straße, Gemarkung Mittelurbach - Aufstellungsbeschluss;SV-62/2023
2024-02-27;Gemeinsamer Ausschuss der Vereinbarten Verwaltungsgemeinschaft Bad Waldsee-Bergatreute;3;Verschiedenes;
2024-03-04;Ausschuss für Umwelt und Technik;1;Bekanntgabe der in nichtöffentlicher Sitzung getroffenen Entscheidung/en;
2024-03-04;Ausschuss für Umwelt und Technik;2;"3. Änderung des vorhabenbezogenen Bebauungsplans ""Großflächiger Einzelhandel an der Steinenberger Straße 1"" und die örtlichen Bauvorschriften hierzu, Gemarkung Waldsee - Entwurfsbeschluss";SV-6/2024
2024-03-04;Ausschuss für Umwelt und Technik;3;"Bebauungsplan ""Rauhe Äcker"" und die örtlichen Bauvorschriften hierzu, Gemarkung Mittelurbach""";SV-30/2024
2024-03-04;Ausschuss für Umwelt und Technik;4;"Bebauungsplan ""Drei-Eichen VI"" und die örtlichen Bauvorschriften hierzu, Gemarkungen Reute und Gaisbeuren";SV-28/2024
2024-03-04;Ausschuss für Umwelt und Technik;5;"Baugebiet ""Drei-Eichen-VI"" – Erschließung - Planungsbeschluss";SV-27/2024
2024-03-04;Ausschuss für Umwelt und Technik;6;"Baugebiet ""Drei Eichen VI"" – Abwassertechnische Erschließung – Vergabe Planungsleistungen";SV-36/2024
2024-03-04;Ausschuss für Umwelt und Technik;7;Verschiedenes;
2024-03-04;Ausschuss für Umwelt und Technik;8;Bekanntgaben;
2024-03-05;Verwaltungsausschuss;1;Bekanntgabe der in nichtöffentlicher Sitzung getroffenen Entscheidung/en;
2024-03-05;Verwaltungsausschuss;2;Verschiedenes;
2024-03-05;Verwaltungsausschuss;3;Bekanntgaben;
2024-03-18;Gemeinderat;1;Bekanntgabe der in nichtöffentlicher Sitzung getroffenen Entscheidung/en;
2024-03-18;Gemeinderat;2;Informationen des Oberbürgermeisters;
2024-03-18;Gemeinderat;3;"Vorhabenbezogener Bebauungsplan ""Abfahrt B 30 Nord"" und die örtlichen Bauvorschriften hierzu, Gemarkung Waldsee - Abwägung und Satzungsbeschluss";SV-84/2023
2024-03-18;Gemeinderat;4;Verlängerung der Durchführungsfrist des Sanierungsgebietes „Altstadt III“;SV-42/2024
2024-03-18;Gemeinderat;5;Verschiedenes;
2024-03-18;Gemeinderat;6;Bekanntgaben;
2024-04-15;Ausschuss für Umwelt und Technik;1;Bekanntgabe der in nichtöffentlicher Sitzung getroffenen Entscheidung/en;
2024-04-15;Ausschuss für Umwelt und Technik;2;"Bebauungsplan ""Holzstraße"" und die örtlichen Bauvorschriften hierzu sowie 1. Änderung des Bebauungsplanes ""Teichäcker II"", Gemarkung Waldsee - Abwägung und Satzungsbeschluss";SV-32/2024
2024-04-15;Ausschuss für Umwelt und Technik;3;"Vorhabenbezogener Bebauungsplan ""Agri-Solarpark Sankt Josef"" und die örtlichen Bauvorschriften hierzu, Gemarkung Mittelurbach - Aufstellungsbeschluss";SV-33/2024
2024-04-15;Ausschuss für Umwelt und Technik;4;"16. Änderung des Flächennutzungsplans der Vereinbarten Verwaltungsgemeinschaft Bad Waldsee-Bergatreute für die Sonderbaufläche ""Agri-Solarpark Sankt Josef"", Gemarkung Mittelurbach - Aufstellungsbeschluss";SV-34/2024
2024-04-15;Ausschuss für Umwelt und Technik;5;"17. Änderung des Flächennutzungsplans der Vereinbarten Verwaltungsgemeinschaft Bad Waldsee-Bergatreute im Bereich der ""2. Änderung des Sport- und Gesundheitspark Hopfenweiler"", Gemarkung Waldsee - Aufstellungsbeschluss";SV-35/2024
2024-04-15;Ausschuss für Umwelt und Technik;6;"18. Änderung des Flächennutzungsplans der vereinbarten Verwaltungsgemeinschaft Bad Waldsee-Bergatreute für die Sonderbaufläche großflächiger Einzelhandel im Bereich des ""Lebensmittelmarkts"" an der Roßberger Straße, Gemarkung Bergatreute - Aufstellungsbeschluss";SV-43/2024
2024-04-15;Ausschuss für Umwelt und Technik;7;Verschiedenes;
2024-04-15;Ausschuss für Umwelt und Technik;8;Bekanntgaben;
2024-04-22;Gemeinderat;1;Bekanntgabe der in nichtöffentlicher Sitzung getroffenen Entscheidung/en;
2024-04-22;Gemeinderat;2;Informationen des Oberbürgermeisters;
2024-04-22;Gemeinderat;3;"Sanierung Bad Waldsee ""Altstadt III"" – Sanierungssatzung – Verlängerung der Durchführungsfrist";SV-63/2024
2024-04-22;Gemeinderat;4;"Bebauungsplan ""Holzstraße"" und die örtlichen Bauvorschriften hierzu sowie 1. Änderung des Bebauungsplanes ""Teichäcker II"", Gemarkung Waldsee - Abwägung und Satzungsbeschluss";SV-32/2024
2024-04-22;Gemeinderat;5;"16. Änderung des Flächennutzungsplans der Vereinbarten Verwaltungsgemeinschaft Bad Waldsee-Bergatreute für die Sonderbaufläche ""Agri-Solarpark Sankt Josef"", Gemarkung Mittelurbach - Aufstellungsbeschluss";SV-34/2024
2024-04-22;Gemeinderat;6;"17. Änderung des Flächennutzungsplans der Vereinbarten Verwaltungsgemeinschaft Bad Waldsee-Bergatreute im Bereich der ""2. Änderung des Sport- und Gesundheitspark Hopfenweiler"", Gemarkung Waldsee - Aufstellungsbeschluss";SV-35/2024
2024-04-22;Gemeinderat;7;"18. Änderung des Flächennutzungsplans der vereinbarten Verwaltungsgemeinschaft Bad Waldsee-Bergatreute für die Sonderbaufläche großflächiger Einzelhandel im Bereich des ""Lebensmittelmarkts"" an der Roßberger Straße, Gemarkung Bergatreute - Aufstellungsbeschluss";SV-43/2024
2024-04-22;Gemeinderat;8;Stellungnahme zum Teilregionalplan Energie;SV-62/2024
2024-04-22;Gemeinderat;9;Kommunale Wärmeplanung der Stadt Bad  Waldsee;SV-200/2023
2024-04-22;Gemeinderat;10;Förderrichtlinien Anreizprogramme Klimaschutz 2024;SV-61/2024
2024-04-22;Gemeinderat;11;"Umlegung ""Hirschhof"" - Auflösung des Umlegungsausschusses „Hirschhof“";SV-59/2024
2024-04-22;Gemeinderat;12;Schaffung weiterer Kindergartenplätze;SV-67/2024
2024-04-22;Gemeinderat;13;Vertrag mit der Katholischen Kirchenpflege Reute für die Förderung und den Betrieb des kirchlichen Kindergartens im Gebäude Friedenslinde 4 in Reute;SV-75/2024
2024-04-22;Gemeinderat;14;ÖPNV-Konzeption 2024 ff.;SV-248/2023
2024-04-22;Gemeinderat;15;Änderung der Satzung über die Benutzung von Obdachlosen- und Flüchtlingsunterkünften;SV-41/2024
2024-04-22;Gemeinderat;16;Verabschiedung Herr Martin Gratz;
2024-04-22;Gemeinderat;17;Verschiedenes;
2024-04-22;Gemeinderat;18;Bekanntgaben;
2024-04-23;Gemeinsamer Ausschuss der Vereinbarten Verwaltungsgemeinschaft Bad Waldsee-Bergatreute;1;"16. Änderung des Flächennutzungsplans der Vereinbarten Verwaltungsgemeinschaft Bad Waldsee-Bergatreute für die Sonderbaufläche ""Agri-Solarpark Sankt Josef"", Gemarkung Mittelurbach - Aufstellungsbeschluss";SV-34/2024
2024-04-23;Gemeinsamer Ausschuss der Vereinbarten Verwaltungsgemeinschaft Bad Waldsee-Bergatreute;2;"17. Änderung des Flächennutzungsplans der Vereinbarten Verwaltungsgemeinschaft Bad Waldsee-Bergatreute im Bereich der ""2. Änderung des Sport- und Gesundheitspark Hopfenweiler"", Gemarkung Waldsee - Aufstellungsbeschluss";SV-35/2024
2024-04-23;Gemeinsamer Ausschuss der Vereinbarten Verwaltungsgemeinschaft Bad Waldsee-Bergatreute;3;"18. Änderung des Flächennutzungsplans der vereinbarten Verwaltungsgemeinschaft Bad Waldsee-Bergatreute für die Sonderbaufläche großflächiger Einzelhandel im Bereich des ""Lebensmittelmarkts"" an der Roßberger Straße, Gemarkung Bergatreute - Aufstellungsbeschluss";SV-43/2024
2024-04-23;Gemeinsamer Ausschuss der Vereinbarten Verwaltungsgemeinschaft Bad Waldsee-Bergatreute;4;Verschiedenes;
2024-05-13;Ausschuss für Umwelt und Technik;1;Bekanntgabe der in nichtöffentlicher Sitzung getroffenen Entscheidung/en;
2024-05-13;Ausschuss für Umwelt und Technik;2;Modernisierung des Bahnübergangs am Kornblumenweg in Mittelurbach durch die DB - Variantenauswahl;SV-78/2024
2024-05-13;Ausschuss für Umwelt und Technik;3;Kläranlage Bad Waldsee: Durchführungsbeschluss für die Erweiterung und Sanierung der mechanischen Stufe;SV-82/2024
2024-05-13;Ausschuss für Umwelt und Technik;4;Jahresabschlüsse der Stadt Bad Waldsee;
2024-05-13;Ausschuss für Umwelt und Technik;5;Verschiedenes;
2024-05-13;Ausschuss für Umwelt und Technik;6;Bekanntgaben;
2024-05-14;Verwaltungsausschuss;1;Bekanntgabe der in nichtöffentlicher Sitzung getroffenen Entscheidung/en;
2024-05-14;Verwaltungsausschuss;2;Jahresabschlüsse der Stadt Bad Waldsee;
2024-05-14;Verwaltungsausschuss;3;Information über den Sachstand der Digitalisierungsmaßnahmen an den städtischen Schulen;SV-81/2024
2024-05-14;Verwaltungsausschuss;4;Integrationsbericht;
2024-05-14;Verwaltungsausschuss;5;Verschiedenes;
2024-05-14;Verwaltungsausschuss;6;Bekanntgaben;
2024-06-03;Gemeinderat;1;Bekanntgabe der in nichtöffentlicher Sitzung getroffenen Entscheidung/en;
2024-06-03;Gemeinderat;2;Informationen des Oberbürgermeisters;
2024-06-03;Gemeinderat;3;Vorstellung des neuen Stadtmarketingmanager;
2024-06-03;Gemeinderat;4;Kläranlage Bad Waldsee: Durchführungsbeschluss für die Erweiterung und Sanierung der mechanischen Stufe;SV-82/2024
2024-06-03;Gemeinderat;5;Jahresabschlüsse Stadt Bad Waldsee;
2024-06-03;Gemeinderat;6;Einsparpotenziale und Maßnahmen zur Erhöhung der Einnahmen - Vorschlag der Haushaltsstrukturkommission;SV-66/2024
2024-06-03;Gemeinderat;7;Sanierung des Eugen-Bolz-Kindergartens;SV-111/2024
2024-06-03;Gemeinderat;8;Information über den Sachstand der Digitalisierungsmaßnahmen an den städtischen Schulen;SV-107/2024
2024-06-03;Gemeinderat;9;Neubau Sporthalle Döchtbühl- Beauftragung Planungsleistungen;SV-69/2024
2024-06-03;Gemeinderat;10;Neubau Erweiterung Gymnasium- Durchführungsbeschluss;SV-68/2024
2024-06-03;Gemeinderat;11;Zuweisung weiterer Aufgabengebiete und Umbenennung des seitherigen Ausschusses für Technik und Umwelt;SV-56/2024
2024-06-03;Gemeinderat;12;Änderung der Hauptsatzung: Zuweisung weiterer Aufgabengebiete und Umbenennung des seitherigen Ausschusses für Technik und Umwelt;SV-57/2024
2024-06-03;Gemeinderat;13;Informationen zum Breitbandausbau;SV-109/2024
2024-06-03;Gemeinderat;14;Verschiedenes;
2024-06-03;Gemeinderat;15;Bekanntgaben;
2024-06-17;Ausschuss für Umwelt und Technik;1;Bekanntgabe der in nichtöffentlicher Sitzung getroffenen Entscheidung/en;
2024-06-17;Ausschuss für Umwelt und Technik;2;"Bebauungsplan ""Am Rädlesbach"" und die örtlichen Bauvorschriften hierzu, Gemarkung Waldsee - Aufstellungsbeschluss";SV-85/2024
2024-06-17;Ausschuss für Umwelt und Technik;3;"Vorhabenbezogener Bebauungsplan ""Agri-Solarpark Sankt Josef"" und die örtlichen Bauvorschriften hierzu, Gemarkung Mittelurbach - Abwägung und Entwurfsbeschluss";SV-87/2024
2024-06-17;Ausschuss für Umwelt und Technik;4;"16. Änderung des Flächennutzungsplans der Vereinbarten Verwaltungsgemeinschaft Bad Waldsee-Bergatreute für die Sonderbaufläche ""Agri-Solarpark Sankt Josef"", Gemarkung Mittelurbach - Abwägung und Entwurfsbeschluss";SV-88/2024
2024-06-17;Ausschuss für Umwelt und Technik;5;"Bebauungsplan ""Drei-Eichen VI"" und die örtlichen Bauvorschriften hierzu, Gemarkungen Reute und Gaisbeuren- Abwägung und Entwurfsbeschluss";SV-89/2024
2024-06-17;Ausschuss für Umwelt und Technik;6;"1. Änderung des Bebauungsplanes ""Drei-Eichen IV"" und die örtlichen Bauvorschriften hierzu, Gemarkung Reute - Abwägung und Entwurfsbeschluss";SV-90/2024
2024-06-17;Ausschuss für Umwelt und Technik;7;"Bebauungsplan ""Rauhe Äcker"" und die örtlichen Bauvorschriften hierzu, Gemarkung Mittelurbach - Abwägung und Entwurfsbeschluss";SV-76/2024
2024-06-17;Ausschuss für Umwelt und Technik;8;15. Änderung des Flächennutzungsplans der Vereinbarten Verwaltungsgemeinschaft Bad Waldsee-Bergatreute für die Wohnbaufläche im Bereich Waldseer Straße, Gemarkung Mittelurbach - Abwägung und Entwurfsbeschluss;SV-92/2024
2024-06-17;Ausschuss für Umwelt und Technik;9;Verschiedenes;
2024-06-17;Ausschuss für Umwelt und Technik;10;Bekanntgaben;
2024-06-18;Verwaltungsausschuss;1;Erwerb einer Skulptur für die Außenanlage des neuen Verwaltungsgebäudes.;SV-120/2024
2024-06-18;Verwaltungsausschuss;2;Verschiedenes;
2024-06-18;Verwaltungsausschuss;3;Bekanntgaben;
2024-07-08;Gemeinderat;1;Bekanntgabe der in nichtöffentlicher Sitzung getroffenen Entscheidung/en;
2024-07-08;Gemeinderat;2;Informationen des Oberbürgermeisters;
2024-07-08;Gemeinderat;3;"16. Änderung des Flächennutzungsplans der Vereinbarten Verwaltungsgemeinschaft Bad Waldsee-Bergatreute für die Sonderbaufläche ""Agri-Solarpark Sankt Josef"", Gemarkung Mittelurbach - Abwägung und Entwurfsbeschluss";SV-88/2024
2024-07-08;Gemeinderat;4;15. Änderung des Flächennutzungsplans der Vereinbarten Verwaltungsgemeinschaft Bad Waldsee-Bergatreute für die Wohnbaufläche im Bereich Waldseer Straße, Gemarkung Mittelurbach - Abwägung und Entwurfsbeschluss;SV-92/2024
2024-07-08;Gemeinderat;5;Integrationsmanagement: Weiterführung ab 2025;SV-124/2024
2024-07-08;Gemeinderat;6;Vorkaufsrechtssatzung Geh- und Radweg zwischen Reute und Gaisbeuren;
2024-07-08;Gemeinderat;7;Feststellen von Hinderungs- bzw. Ablehnungsgründen für den Eintritt in den Gemeinderat;SV-44/2024
2024-07-08;Gemeinderat;8;Verabschiedung der ausscheidenden Gemeinderäte;
2024-07-08;Gemeinderat;9;Ehrung von Gemeinderäten;
2024-07-08;Gemeinderat;10;Verschiedenes;
2024-07-08;Gemeinderat;11;Bekanntgaben;
2024-07-11;Gemeinsamer Ausschuss der Vereinbarten Verwaltungsgemeinschaft Bad Waldsee-Bergatreute;1;"16. Änderung des Flächennutzungsplans der Vereinbarten Verwaltungsgemeinschaft Bad Waldsee-Bergatreute für die Sonderbaufläche ""Agri-Solarpark Sankt Josef"", Gemarkung Mittelurbach - Abwägung und Entwurfsbeschluss";SV-88/2024
2024-07-11;Gemeinsamer Ausschuss der Vereinbarten Verwaltungsgemeinschaft Bad Waldsee-Bergatreute;2;15. Änderung des Flächennutzungsplans der Vereinbarten Verwaltungsgemeinschaft Bad Waldsee-Bergatreute für die Wohnbaufläche im Bereich Waldseer Straße, Gemarkung Mittelurbach - Abwägung und Entwurfsbeschluss;SV-92/2024
2024-07-11;Gemeinsamer Ausschuss der Vereinbarten Verwaltungsgemeinschaft Bad Waldsee-Bergatreute;3;Verschiedenes;
2024-07-15;Gemeinderat;1;Verpflichtung der Mitglieder des Gemeinderates und Bestätigung der Sitzordnung;SV-45/2024
2024-07-15;Gemeinderat;2;Ehrenamtliche Stellvertreter des Oberbürgermeisters;SV-46/2024
2024-07-15;Gemeinderat;3;Besetzen der beschließenden Ausschüsse 1. Verwaltungsausschuss 2. Ausschuss für Umwelt, Technik und Nachhaltigkeit 3. Betriebsausschuss Städt. Rehakliniken;SV-48/2024
2024-07-15;Gemeinderat;4;Bestellen von Mitglieder für 1. Arbeitskreis Kinder, Jugend und Bildung 2. Gemeinsamer Ausschuss der Vereinbarten Verwaltungsgemeinschaft Bad Waldsee-Bergatreute 3. B 30 Ausschuss 4. Kulturbeirat;SV-49/2024
2024-07-15;Gemeinderat;5;Berufen von Mitglieder des Gemeinderates als Vertreter der Stadt in den/in die 1. Ausschuss des Museums- und Heimatvereins 2. Ausschuss der Sportgemeinschaft 3. Baumkommission 4. Arbeitskreis Soziale Hilfen;SV-50/2024
2024-07-15;Gemeinderat;6;Bestellen von Mitgliedern / Aufsichtsräten 1. Aufsichtsräte der Kurbetriebe Bad Waldsee Dienstleistungs-GmbH 2. Mitglieder der Verbandsversammlung des Wasserversorgungsverbandes Obere Schussentalgruppe 3. Empfehlung zur Neubesetzung des Verwaltungsrats des Wasserversorgungverbandes Obere Schussentalgruppe 4. Aufsichtsräte der Stadtwerke Bad Waldsee GmbH;SV-51/2024
2024-07-15;Gemeinderat;7;Bestimmen der Mitglieder der Fraktionsrunde;SV-52/2024
2024-07-15;Gemeinderat;8;Unterzeichnen der Protokollniederschriften;SV-53/2024
2024-07-15;Gemeinderat;9;Verschiedenes;
2024-07-15;Gemeinderat;10;Bekanntgaben;
2024-08-05;Gemeinderat;1;Bekanntgabe der in nichtöffentlicher Sitzung getroffenen Entscheidung/en;
2024-08-05;Gemeinderat;2;Informationen des Oberbürgermeisters;
2024-08-05;Gemeinderat;3;Verpflichtung des noch fehlenden Mitglieds des Gemeinderates;
2024-08-05;Gemeinderat;4;Ortsvorsteher und ihre Stellvertreter;SV-54/2024
2024-08-05;Gemeinderat;5;Straßenbaumaßnahmen an der L 285 zwischen Gaisbeuren und Reute - Zustimmung zu Planungen des Landes und Vergabe von Planungsleistungen für städtische Maßnahmen;SV-127/2024
2024-08-05;Gemeinderat;6;Öffentliche Ausschreibung der Lieferung und Installation von stationären Geschwindigkeitsmessanlagen inklusive entsprechender Auswertungssoftware;
2024-08-05;Gemeinderat;7;Gemeindliches Einvernehmen zum Antrag der Windenergieanlagen in Haisterkirch-Osterhofen;SV-138/2024
2024-08-05;Gemeinderat;8;Vorabinformation zur Vergabe der Bauleistungen im Breitbandausbau;
2024-08-05;Gemeinderat;9;Annahme und Vermittlung von Spenden und Sponsoring aus dem 1. Halbjahr 2024;SV-129/2024
2024-08-05;Gemeinderat;10;Verschiedenes;
2024-08-05;Gemeinderat;11;Bekanntgaben;
2024-09-16;Ausschuss für Umwelt, Technik und Nachhaltigkeit;1;Bekanntgabe der in nichtöffentlicher Sitzung getroffenen Entscheidung/en;
2024-09-16;Ausschuss für Umwelt, Technik und Nachhaltigkeit;2;"3. Änderung des vorhabenbezogenen Bebauungsplans ""Großflächiger Einzelhandel an der Steinenberger Straße 1"" und die örtlichen Bauvorschriften hierzu, Gemarkung Waldsee - Abwägung und Satzungsbeschluss";SV-95/2024
2024-09-16;Ausschuss für Umwelt, Technik und Nachhaltigkeit;3;"Vorhabenbezogener Bebauungsplan ""Agri-Solarpark Sankt Josef"" und die örtlichen Bauvorschriften hierzu, Gemarkung Mittelurbach - Abwägung und Satzungsbeschluss";SV-98/2024
2024-09-16;Ausschuss für Umwelt, Technik und Nachhaltigkeit;4;"16. Änderung des Flächennutzungsplans der Vereinbarten Verwaltungsgemeinschaft Waldsee-Bergatreute für die Sonderbaufläche ""Agri-Solarpark Sankt Josef"", Gemarkung Mittelurbach - Abwägung und Feststellungsbeschluss";SV-99/2024
2024-09-16;Ausschuss für Umwelt, Technik und Nachhaltigkeit;5;"Bebauungsplan ""Rauhe Äcker"" und die örtlichen Bauvorschriften hierzu, Gemarkung Mittelurbach - Abwägung und Satzungsbeschluss";SV-141/2024
2024-09-16;Ausschuss für Umwelt, Technik und Nachhaltigkeit;6;"Bebauungsplan ""Drei-Eichen VI"" und die örtlichen Bauvorschriften hierzu, Gemarkungen Reute und Gaisbeuren- Abwägung und Entwurfsbeschluss";SV-100/2024
2024-09-16;Ausschuss für Umwelt, Technik und Nachhaltigkeit;7;"1. Änderung des Bebauungsplans ""Drei-Eichen IV"" und die örtlichen Bauvorschriften hierzu, Gemarkung Reute - Abwägung und Satzungsbeschluss";SV-101/2024
2024-09-16;Ausschuss für Umwelt, Technik und Nachhaltigkeit;8;"18. Änderung des Flächennutzungsplans der vereinbarten Verwaltungsgemeinschaft Bad Waldsee-Bergatreute für die Sonderbaufläche großflächiger Einzelhandel im Bereich des ""Lebensmittelmarkts"" an der Roßberger Straße, Gemarkung Bergatreute - Abwägung und Entwurfsbeschluss";SV-102/2024
2024-09-16;Ausschuss für Umwelt, Technik und Nachhaltigkeit;9;"Vorhabenbezogener Bebauungsplan ""Frauenbergstraße-Friedhofstraße"" und die örtlichen Bauvorschriften hierzu, Gemarkung Waldsee - Aufstellungsbeschluss";SV-144/2024
2024-09-16;Ausschuss für Umwelt, Technik und Nachhaltigkeit;10;Verschiedenes;
2024-09-16;Ausschuss für Umwelt, Technik und Nachhaltigkeit;11;Bekanntgaben;
2024-09-23;Gemeinderat;1;Bekanntgabe der in nichtöffentlicher Sitzung getroffenen Entscheidung/en;
2024-09-23;Gemeinderat;2;Informationen des Oberbürgermeisters;
2024-09-23;Gemeinderat;3;Einwohnerfragestunde;
2024-09-23;Gemeinderat;4;Ehrungen von Gemeinderäten;
2024-09-23;Gemeinderat;5;"3. Änderung des vorhabenbezogenen Bebauungsplans ""Großflächiger Einzelhandel an der Steinenberger Straße 1"" und die örtlichen Bauvorschriften hierzu, Gemarkung Waldsee - Abwägung und Satzungsbeschluss";SV-95/2024
2024-09-23;Gemeinderat;6;"18. Änderung des Flächennutzungsplans der vereinbarten Verwaltungsgemeinschaft Bad Waldsee-Bergatreute für die Sonderbaufläche großflächiger Einzelhandel im Bereich des ""Lebensmittelmarkts"" an der Roßberger Straße, Gemarkung Bergatreute - Abwägung und Entwurfsbeschluss";SV-102/2024
2024-09-23;Gemeinderat;7;"Bebauungsplan ""Rauhe Äcker"" und die örtlichen Bauvorschriften hierzu, Gemarkung Mittelurbach - Abwägung und Satzungsbeschluss";SV-141/2024
2024-09-23;Gemeinderat;8;"1. Änderung des Bebauungsplans ""Drei-Eichen IV"" und die örtlichen Bauvorschriften hierzu, Gemarkung Reute - Abwägung und Satzungsbeschluss";SV-101/2024
2024-09-23;Gemeinderat;9;"Vorhabenbezogener Bebauungsplan ""Agri-Solarpark Sankt Josef"" und die örtlichen Bauvorschriften hierzu, Gemarkung Mittelurbach - Abwägung und Satzungsbeschluss";SV-98/2024
2024-09-23;Gemeinderat;10;"16. Änderung des Flächennutzungsplans der Vereinbarten Verwaltungsgemeinschaft Waldsee-Bergatreute für die Sonderbaufläche ""Agri-Solarpark Sankt Josef"", Gemarkung Mittelurbach - Abwägung und Feststellungsbeschluss";SV-99/2024
2024-09-23;Gemeinderat;11;Vergabe der weiteren Baumaßnahmen beim Breitbandausbau;
2024-09-23;Gemeinderat;12;Breitbandausbau: Weitere Vorgehensweise im Graue-Flecken-Programm;
2024-09-23;Gemeinderat;13;Verschiedenes;
2024-09-23;Gemeinderat;14;Bekanntgaben;
2024-09-23;Gemeinderat;15;Verabschiedung Herr Peter Natterer;
2024-10-02;Gemeinsamer Ausschuss der Vereinbarten Verwaltungsgemeinschaft Bad Waldsee-Bergatreute;1;Verschiedenes;
2024-10-02;Gemeinsamer Ausschuss der Vereinbarten Verwaltungsgemeinschaft Bad Waldsee-Bergatreute;2;"16. Änderung des Flächennutzungsplans der Vereinbarten Verwaltungsgemeinschaft Waldsee-Bergatreute für die Sonderbaufläche ""Agri-Solarpark Sankt Josef"", Gemarkung Mittelurbach - Abwägung und Feststellungsbeschluss";SV-99/2024
2024-10-02;Gemeinsamer Ausschuss der Vereinbarten Verwaltungsgemeinschaft Bad Waldsee-Bergatreute;3;"18. Änderung des Flächennutzungsplans der vereinbarten Verwaltungsgemeinschaft Bad Waldsee-Bergatreute für die Sonderbaufläche großflächiger Einzelhandel im Bereich des ""Lebensmittelmarkts"" an der Roßberger Straße, Gemarkung Bergatreute - Abwägung und Entwurfsbeschluss";SV-102/2024
2024-10-07;Ausschuss für Umwelt, Technik und Nachhaltigkeit;1;Bekanntgabe der in nicht öffentlicher Sitzung getroffenen Entscheidung/en;
2024-10-07;Ausschuss für Umwelt, Technik und Nachhaltigkeit;2;Überplanmäßige Ausgabe | Beschaffung des Gerätewagens-Logistik 2 Schlauch (GW-L2S);SV-161/2024
2024-10-07;Ausschuss für Umwelt, Technik und Nachhaltigkeit;3;Beschaffung eines Wechselladerfahrzeugs (WLF 2) für die Freiwillige Feuerwehr Bad Waldsee, Abteilung Stadt;SV-162/2024
2024-10-07;Ausschuss für Umwelt, Technik und Nachhaltigkeit;4;Straßenprogramm 2024 - Durchführung;SV-156/2024
2024-10-07;Ausschuss für Umwelt, Technik und Nachhaltigkeit;5;Verschiedenes;
2024-10-07;Ausschuss für Umwelt, Technik und Nachhaltigkeit;6;Bekanntgaben;
2024-10-14;Gemeinderat;1;Bekanntgabe der in nichtöffentlicher Sitzung getroffenen Entscheidung/en;
2024-10-14;Gemeinderat;2;Informationen des Oberbürgermeisters;
2024-10-14;Gemeinderat;3;Vorstellung der Kriminalstatistik 2023 und Statement zur Sicherheitslage;SV-146/2024
2024-10-14;Gemeinderat;4;Situationsbericht Schädlingsmanagement und Krähen in Bad Waldsee;SV-167/2024
2024-10-14;Gemeinderat;5;Schaffung eines Premium-Wanderwegs in Bad Waldsee;SV-160/2024
2024-10-14;Gemeinderat;6;Änderung der Beteiligungsrichtlinie;SV-153/2024
2024-10-14;Gemeinderat;7;Örtliche Bedarfsplanung für das Kindergartenjahr 2024/25;SV-119/2024
2024-10-14;Gemeinderat;8;Verschiedenes;
2024-10-14;Gemeinderat;9;Bekanntgaben;
2024-11-04;Gemeinderat;1;Bekanntgabe der in nichtöffentlicher Sitzung getroffenen Entscheidung/en;
2024-11-04;Gemeinderat;2;Informationen des Oberbürgermeisters;
2024-11-04;Gemeinderat;3;Ausschreibung PV-Anlagen;SV-174/2024
2024-11-04;Gemeinderat;4;Vergabe der Planungsleistungen für den Anschluss der Kläranlage Reute an die Kläranlage Bad Waldsee;SV-172/2024
2024-11-04;Gemeinderat;5;Entwicklungen am Kiesabbaustandort Mennisweiler – gemeindliches Einvernehmen;SV-183/2024
2024-11-04;Gemeinderat;6;Wirtschaftsfaktor Tourismus in Bad Waldsee: Präsentation aktueller Ergebnisse;SV-113/2024
2024-11-04;Gemeinderat;7;Neubau Sporthalle Döchtbühl- Vorstellung WB Entwurf und weiteres Vorgehen;
2024-11-04;Gemeinderat;8;Änderung der Satzung über die Entschädigung für ehrenamtliche Tätigkeit;SV-179/2024
2024-11-04;Gemeinderat;9;Bestätigung des Verfahrens für Kreditaufnahmen;SV-178/2024
2024-11-04;Gemeinderat;10;Verschiedenes;
2024-11-04;Gemeinderat;11;Bekanntgaben;
2024-11-25;Ausschuss für Umwelt, Technik und Nachhaltigkeit;1;Bekanntgabe der in nichtöffentlicher Sitzung getroffenen Entscheidung/en;
2024-11-25;Ausschuss für Umwelt, Technik und Nachhaltigkeit;2;"Bebauungsplan Teilbereich A ""Drei-Eichen VI"" und die örtlichen Bauvorschriften hierzu, Gemarkungen Reute und Gaisbeuren- Abwägung und Satzungsbeschluss";SV-149/2024
2024-11-25;Ausschuss für Umwelt, Technik und Nachhaltigkeit;3;"Bebauungsplan Teilbereich B ""Drei Eichen VI"" und die örtlichen Bauvorschriften hierzu, Gemarkungen Reute und Gaisbeuren – Aufstellungs- und Überleitungsbeschluss";SV-190/2024
2024-11-25;Ausschuss für Umwelt, Technik und Nachhaltigkeit;4;"Bebauungsplan Teilbereich B ""Drei Eichen VI"" und die örtlichen Bauvorschriften hierzu, Gemarkungen Reute und Gaisbeuren - Abwägung und Entwurfsbeschluss";SV-191/2024
2024-11-25;Ausschuss für Umwelt, Technik und Nachhaltigkeit;5;Entwidmung der Feldwege Flst. 2021 (Teilfläche) und Flst. 2026 (Teilfläche), Gemarkung Michelwinnaden;SV-150/2024
2024-11-25;Ausschuss für Umwelt, Technik und Nachhaltigkeit;6;Jahresabschluss 2023 Eigenbetrieb Städt. Abwasserbeseitigung;SV-195/2024
2024-11-25;Ausschuss für Umwelt, Technik und Nachhaltigkeit;7;Eigenbetrieb Städtische Abwasserbeseitigung - Feststellung der Gebührennachkalkulation, Festlegung des neuen Gebührensatzes sowie Änderung der Abwassersatzung;SV-198/2024
2024-11-25;Ausschuss für Umwelt, Technik und Nachhaltigkeit;8;Bürgerbus - Information über die Kosten;
2024-11-25;Ausschuss für Umwelt, Technik und Nachhaltigkeit;9;Verschiedenes;
2024-11-25;Ausschuss für Umwelt, Technik und Nachhaltigkeit;10;Bekanntgaben;
2024-11-26;Verwaltungsausschuss;1;Bekanntgabe der in nichtöffentlicher Sitzung getroffenen Entscheidung/en;
2024-11-26;Verwaltungsausschuss;2;"Fördertopf ""Soziale Hilfen"" | Zuschüsse für sozial karitativ tätige Vereine und Gruppierungen";SV-186/2024
2024-11-26;Verwaltungsausschuss;3;Grundsteuerreform 2025 – Information und Vorberatung bzgl. des Grundsteuerhebesatzes ab 2025;SV-208/2024
2024-11-26;Verwaltungsausschuss;4;Verschiedenes;
2024-11-26;Verwaltungsausschuss;5;Bekanntgaben;
2024-12-02;Gemeinderat;1;Bekanntgabe der in nichtöffentlicher Sitzung getroffenen Entscheidung/en;
2024-12-02;Gemeinderat;2;Informationen des Oberbürgermeisters;
2024-12-02;Gemeinderat;3;Gesundheitsleitbild Bad Waldsee;
2024-12-02;Gemeinderat;4;Beteiligung an der Kommunalen Beteiligungsgesellschaft Netze BW GmbH & Co. KG;SV-125/2024
2024-12-02;Gemeinderat;5;"Bebauungsplan Teilbereich A ""Drei-Eichen VI"" und die örtlichen Bauvorschriften hierzu, Gemarkungen Reute und Gaisbeuren- Abwägung und Satzungsbeschluss";SV-149/2024
2024-12-02;Gemeinderat;6;Baugebiet „Drei Eichen VI“ – Erschließungsträger, hier: Zeitplan;SV-233/2024
2024-12-02;Gemeinderat;7;Verkaufsoffener Sonntag im Frühling: Ferien- und feiertagsbedingte Erweiterung des Zeitraums der Durchführung des verkaufsoffenen Sonntags um den Monat Mai;SV-180/2024
2024-12-02;Gemeinderat;8;Straßenbauarbeiten an der L 285 zwischen Gaisbeuren und Reute - flankierende städtische Maßnahmen - Durchführungsbeschluss;SV-176/2024
2024-12-02;Gemeinderat;9;Neubau Trafostation zur Anbindung der Stromanschlüsse und PV-Anlagen der Projekte Erweiterung Sporthalle und Erweiterung Gymnasium, Schulzentrum Döchtbühl;SV-193/2024
2024-12-02;Gemeinderat;10;Beitrag zur Jugendsportförderung für die Nutzung der Eugen-Bolz-Halle;SV-216/2024
2024-12-02;Gemeinderat;11;Finanzbericht - Vorläufiges Ergebnis 2023 sowie 3. Quartal 2024;SV-227/2024
2024-12-02;Gemeinderat;12;Eigenbetrieb Städtische Abwasserbeseitigung - Feststellung der Gebührennachkalkulation, Festlegung des neuen Gebührensatzes sowie Änderung der Abwassersatzung;SV-198/2024
2024-12-02;Gemeinderat;13;Landesgartenschau in Bad Waldsee - Bewerbung;SV-231/2024
2024-12-02;Gemeinderat;14;Verschiedenes;
2024-12-02;Gemeinderat;15;Bekanntgaben;
2024-12-09;Gemeinderat;1;Bekanntgabe der in nichtöffentlicher Sitzung getroffenen Entscheidung/en;
2024-12-09;Gemeinderat;2;Informationen des Oberbürgermeisters;
2024-12-09;Gemeinderat;3;Jahresabschlüsse 2023;
2024-12-09;Gemeinderat;4;Bestellung des Abschlussprüfers für das Geschäftsjahr 2024 für den Eigenbetrieb Städtische Rehakliniken;SV-205/2024
2024-12-09;Gemeinderat;5;Bestellung des Abschlussprüfers für das Geschäftsjahr 2024 für die Kurbetriebe Bad Waldsee Dienstleistungs-GmbH;SV-207/2024
2024-12-09;Gemeinderat;6;Bestellung Abschlussprüfer für das Geschäftsjahr 2024 für die Stadtwerke Bad Waldsee GmbH;SV-241/2024
2024-12-09;Gemeinderat;7;Beteiligungsbericht für das Jahr 2023;SV-152/2024
2024-12-09;Gemeinderat;8;Grundsteuerreform 2025 - Festlegung der Hebesätze;SV-203/2024
2024-12-09;Gemeinderat;9;Haushaltsplan und Haushaltssatzung 2025 - Große Kreisstadt Bad Waldsee;
2024-12-09;Gemeinderat;10;Wirtschaftspläne 2025;
2024-12-09;Gemeinderat;11;Kreditaufnahme für den Eigenbetrieb Städt. Abwasserbeseitigung;SV-240/2024
2024-12-09;Gemeinderat;12;Beteiligung an der Kommunalen Beteiligungsgesellschaft Netze BW GmbH & Co. KG;SV-242/2024
2024-12-09;Gemeinderat;13;Verwaltungsgebäude Neues Rathaus, Hauptstraße 12 Durchführungsbeschluss Außenanlagen;SV-243/2024
2024-12-09;Gemeinderat;14;Verschiedenes;
2024-12-09;Gemeinderat;15;Bekanntgaben;
2024-12-09;Gemeinderat;16;Verabschiedung Herr Walter Gschwind;
2025-01-27;Ausschuss für Umwelt, Technik und Nachhaltigkeit;1;Bekanntgabe der in nicht öffentlicher Sitzung getroffenen Entscheidung/en;
2025-01-27;Ausschuss für Umwelt, Technik und Nachhaltigkeit;2;Wirtschaftsplan 2025 - Eigenbetrieb städt. Abwasserbeseitigung;SV-199/2024
2025-01-27;Ausschuss für Umwelt, Technik und Nachhaltigkeit;3;Haushaltsplan und Haushaltssatzung 2025 – Große Kreisstadt Bad Waldsee;SV-202/2024
2025-01-27;Ausschuss für Umwelt, Technik und Nachhaltigkeit;4;"20. Änderung des Flächennutzungsplans im Teilbereich B des Bebauungsplans (R 18) ""Drei-Eichen VI"" der vereinbarten Verwaltungsgemeinschaft Bad Waldsee-Bergatreute, Gemarkung Gaisbeuren - Abwägung der frühzeitigen Beteiligung, Aufstellungs- und Entwurfsbeschluss";SV-249/2024
2025-01-27;Ausschuss für Umwelt, Technik und Nachhaltigkeit;5;"18. Änderung des Flächennutzungsplans der vereinbarten Verwaltungsgemeinschaft Bad Waldsee-Bergatreuge für die Sonderbaufläche großflächiger Einzelhandel im Bereich des ""Lebensmittelmarkts"" an der Roßberger Straße, Gemarkung Bergatreute - Abwägung und Feststellungsbeschluss";SV-250/2024
2025-01-27;Ausschuss für Umwelt, Technik und Nachhaltigkeit;6;Verschiedenes;
2025-01-27;Ausschuss für Umwelt, Technik und Nachhaltigkeit;7;Bekanntgaben;
2025-01-28;Verwaltungsausschuss;1;Bekanntgabe der in nichtöffentlicher Sitzung getroffenen Entscheidung/en;
2025-01-28;Verwaltungsausschuss;2;Haushaltsplan und Haushaltssatzung 2025 – Große Kreisstadt Bad Waldsee;SV-202/2024
2025-01-28;Verwaltungsausschuss;3;Verschiedenes;
2025-01-28;Verwaltungsausschuss;4;Bekanntgaben;
2025-02-03;Gemeinderat;1;Bekanntgabe der in nichtöffentlicher Sitzung getroffenen Entscheidung/en;
2025-02-03;Gemeinderat;2;Informationen des Oberbürgermeisters;
2025-02-03;Gemeinderat;3;"20. Änderung des Flächennutzungsplans im Teilbereich B des Bebauungsplans (R 18) ""Drei-Eichen VI"" der vereinbarten Verwaltungsgemeinschaft Bad Waldsee-Bergatreute, Gemarkung Gaisbeuren - Abwägung der frühzeitigen Beteiligung, Aufstellungs- und Entwurfsbeschluss";SV-249/2024
2025-02-03;Gemeinderat;4;"18. Änderung des Flächennutzungsplans der vereinbarten Verwaltungsgemeinschaft Bad Waldsee-Bergatreuge für die Sonderbaufläche großflächiger Einzelhandel im Bereich des ""Lebensmittelmarkts"" an der Roßberger Straße, Gemarkung Bergatreute - Abwägung und Feststellungsbeschluss";SV-250/2024
2025-02-03;Gemeinderat;5;Entwidmung der Feldwege Flst. 2021 (Teilfläche) und Flst. 2026 (Teilfläche), Gemarkung Michelwinnaden;SV-3/2025
2025-02-03;Gemeinderat;6;Änderung der Satzung über die Benutzung von Obdachlosen- und Flüchtlingsunterkünften;SV-12/2025
2025-02-03;Gemeinderat;7;Haushaltsplan und Haushaltssatzung 2025 – Große Kreisstadt Bad Waldsee;SV-202/2024
2025-02-03;Gemeinderat;8;Wirtschaftsplan 2025 - Eigenbetrieb städt. Abwasserbeseitigung;SV-199/2024
2025-02-03;Gemeinderat;9;Wirtschaftsplan 2025 - Alten- und Pflegeheim Spital zum Heiligen Geist;SV-200/2024
2025-02-03;Gemeinderat;10;Wirtschaftsplan 2025 - Städtische Rehakliniken;SV-201/2024
2025-02-03;Gemeinderat;11;Annahme und Vermittlung von Spenden und Sponsoring aus dem 2. Halbjahr 2024;SV-248/2024
2025-02-03;Gemeinderat;12;Kindergarten Gaisbeuren - Auftrag an die Verwaltung;SV-11/2025
2025-02-03;Gemeinderat;13;Verschiedenes;
2025-02-03;Gemeinderat;14;Bekanntgaben;
2025-02-04;Gemeinsamer Ausschuss der Vereinbarten Verwaltungsgemeinschaft Bad Waldsee-Bergatreute;1;"20. Änderung des Flächennutzungsplans im Teilbereich B des Bebauungsplans (R 18) ""Drei-Eichen VI"" der vereinbarten Verwaltungsgemeinschaft Bad Waldsee-Bergatreute, Gemarkung Gaisbeuren - Abwägung der frühzeitigen Beteiligung, Aufstellungs- und Entwurfsbeschluss";SV-249/2024
2025-02-04;Gemeinsamer Ausschuss der Vereinbarten Verwaltungsgemeinschaft Bad Waldsee-Bergatreute;2;"18. Änderung des Flächennutzungsplans der vereinbarten Verwaltungsgemeinschaft Bad Waldsee-Bergatreuge für die Sonderbaufläche großflächiger Einzelhandel im Bereich des ""Lebensmittelmarkts"" an der Roßberger Straße, Gemarkung Bergatreute - Abwägung und Feststellungsbeschluss";SV-250/2024
2025-02-04;Gemeinsamer Ausschuss der Vereinbarten Verwaltungsgemeinschaft Bad Waldsee-Bergatreute;3;Verschiedenes;
2025-03-24;Gemeinderat;1;Bekanntgabe der in nichtöffentlicher Sitzung getroffenen Entscheidung/en;
2025-03-24;Gemeinderat;2;Informationen des Oberbürgermeisters;
2025-03-24;Gemeinderat;3;Einwohnerfragestunde;
2025-03-24;Gemeinderat;4;Flächenmanagement der Stadt Bad Waldsee Vorstellung des Tätigkeitsbereichs;SV-36/2025
2025-03-24;Gemeinderat;5;Benennung des Weges Flst. Nr. 319, Flst. Nr. 300 (Teilfläche) und Flst. Nr. 300/1 (Teilfläche), Gemarkung Waldsee;SV-24/2025
2025-03-24;Gemeinderat;6;Jahresabschluss 2020 der Stadt Bad Waldsee;SV-20/2025
2025-03-24;Gemeinderat;7;Jahresabschluss 2021 der Stadt Bad Waldsee;SV-21/2025
2025-03-24;Gemeinderat;8;Bauabrechnung Neubau Kindergarten in Reute mit zwei Gruppen;SV-32/2025
2025-03-24;Gemeinderat;9;Bauabrechnung Erweiterung Kindergarten Haisterkirch;SV-33/2025
2025-03-24;Gemeinderat;10;Vorkaufsrechtssatzung Ortsmitte Haisterkirch;SV-246/2024
2025-03-24;Gemeinderat;11;Verschiedenes;
2025-03-24;Gemeinderat;12;Bekanntgaben;
2025-03-31;Arbeitskreis Kinder, Jugend und Bildung;1;Vorstellung der neuen Kinder- und Jugendbeauftragten Frau Weidmann;
2025-03-31;Arbeitskreis Kinder, Jugend und Bildung;2;Schwerpunkt: Bildung für Kinder, Jugendliche und Erwachsene;
2025-03-31;Arbeitskreis Kinder, Jugend und Bildung;3;Themenvorschläge für zukünftige Sitzungen;
2025-03-31;Arbeitskreis Kinder, Jugend und Bildung;4;Verschiedenes;
2025-04-07;Ausschuss für Umwelt, Technik und Nachhaltigkeit;1;Bekanntgabe der in nicht öffentlicher Sitzung getroffenen Entscheidung/en;
2025-04-07;Ausschuss für Umwelt, Technik und Nachhaltigkeit;2;Kläranlage Bad Waldsee: Durchführungsbeschluss für den Bau eines Nachklärbeckens;SV-29/2025
2025-04-07;Ausschuss für Umwelt, Technik und Nachhaltigkeit;3;Kläranlage Bad Waldsee: Erneuerung der Klärschlammpresse;SV-31/2025
2025-04-07;Ausschuss für Umwelt, Technik und Nachhaltigkeit;4;"Vorhabenbezogener Bebauungsplan ""Frauenbergstraße-Friedhofstraße"" und die örtlichen Bauvorschriften hierzu, Gemarkung Waldsee - Entwurfsbeschluss";SV-4/2025
2025-04-07;Ausschuss für Umwelt, Technik und Nachhaltigkeit;5;"Bebauungsplan ""Drei-Eichen VI"" (Teilbereich B) und die örtlichen Bauvorschriften hierzu, Gemarkung Gaisbeuren - Abwägung und Satzungsbeschluss";SV-5/2025
2025-04-07;Ausschuss für Umwelt, Technik und Nachhaltigkeit;6;"20. Änderung des Flächennutzungsplans im Teilbereich B des Bebauungsplans (R18) ""Drei-Eichen VI"" der vereinbarten Verwaltungsgemeinschaft Bad Waldsee-Bergatreute, Gemarkung Gaisbeuren - Abwägung und Feststellungsbeschluss";SV-13/2025
2025-04-07;Ausschuss für Umwelt, Technik und Nachhaltigkeit;7;Verschiedenes;
2025-04-07;Ausschuss für Umwelt, Technik und Nachhaltigkeit;8;Bekanntgaben;
2025-04-08;Verwaltungsausschuss;1;Bekanntgabe der in nichtöffentlicher Sitzung getroffenen Entscheidung/en;
2025-04-08;Verwaltungsausschuss;2;Zuschuss der Regionalmanagementkosten der LEADER-Aktionsgruppe Mittleres Oberschwaben (REMO) – Information über Kostensteigerung;SV-26/2025
2025-04-08;Verwaltungsausschuss;3;Antrag auf Kulturförderung für die Bad Waldseer Künstlernacht;SV-40/2025
2025-04-08;Verwaltungsausschuss;4;Verschiedenes;
2025-04-08;Verwaltungsausschuss;5;Bekanntgaben;
2025-04-28;Gemeinderat;1;Bekanntgabe der in nichtöffentlicher Sitzung getroffenen Entscheidung/en;
2025-04-28;Gemeinderat;2;Informationen des Oberbürgermeisters;
2025-04-28;Gemeinderat;3;Musikverein Reute-Gaisbeuren - Zuschuss zu einem Probelokal;SV-69/2025
2025-04-28;Gemeinderat;4;Waldkindergarten - Neuer Standort und Erweiterung um eine Gruppe;SV-54/2025
2025-04-28;Gemeinderat;5;Kläranlage Bad Waldsee: Durchführungsbeschluss für den Bau eines Nachklärbeckens;SV-29/2025
2025-04-28;Gemeinderat;6;"3. Änderung des vorhabenbezogenen Bebauungsplans ""Großflächiger Einzelhandel an der Steinenberger Straße 1"" und die örtlichen Bauvorschriften hierzu, Gemarkung Waldsee - Abwägung und Satzungsbeschluss";SV-95/2024
2025-04-28;Gemeinderat;7;Gewährung eines Betriebsmittelkredits nach Bedarf an die Eigenbetriebe sowie die Stadtwerke GmbH;SV-55/2025
2025-04-28;Gemeinderat;8;Kommanditistenversammlung der Kommunalen Beteiligungsgesellschaft Verwaltungsgesellschaft mbH und Gesellschafterversammlung der Kommunalen Beteiligungsgesellschaft Netze BW GmbH & Co. KG;SV-63/2025
2025-04-28;Gemeinderat;9;Erneute Bestellung zur Geschäftsführerin der Kinder- und Jugendakademie;SV-15/2025
2025-04-28;Gemeinderat;10;Verschiedenes;
2025-04-28;Gemeinderat;11;Bekanntgaben;
2025-05-26;Gemeinderat;1;Bekanntgabe der in nichtöffentlicher Sitzung getroffenen Entscheidung/en;
2025-05-26;Gemeinderat;2;Informationen des Oberbürgermeisters;
2025-05-26;Gemeinderat;3;Stellungnahme zum Teilregionalplan Energie - 2. Anhörung;SV-74/2025
2025-05-26;Gemeinderat;4;Gemeindliches Einvernehmen zum Antrag einer Windenergieanlage im Vorranggebiet Aulendorf-Ost auf der Gemarkung Waldsee;SV-82/2025
2025-05-26;Gemeinderat;5;"Vorhabenbezogener Bebauungsplan ""Frauenbergstraße-Friedhofstraße"" und die örtlichen Bauvorschriften hierzu, Gemarkung Waldsee - Information";SV-57/2025
2025-05-26;Gemeinderat;6;Weiterentwicklung Friedhof am Schorren- neue Grabarten;SV-83/2025
2025-05-26;Gemeinderat;7;Weiteres Vorhaben European Energy Award;SV-239/2024
2025-05-26;Gemeinderat;8;Anreizprogramme Klimaschutz 2025;SV-73/2025
2025-05-26;Gemeinderat;9;Vorläufiges Ergebnis 2024 des Eigenbetriebs Städtische Abwasserbeseitigung;SV-65/2025
2025-05-26;Gemeinderat;10;Vorl. Ergebnis 2024 und Finanzbericht zum 1. Quartal 2025;SV-64/2025
2025-05-26;Gemeinderat;11;Verschiedenes;
2025-05-26;Gemeinderat;12;Bekanntgaben;
2025-06-23;Gemeinderat;1;Bekanntgabe der in nichtöffentlicher Sitzung getroffenen Entscheidung/en;
2025-06-23;Gemeinderat;2;Informationen des Oberbürgermeisters;
2025-06-23;Gemeinderat;3;Einwohnerfragestunde;
2025-06-23;Gemeinderat;4;Projekt Zertifizierung „Gesunde Stadt/Gesunde Gemeinde“ der Stadt Bad Waldsee;SV-90/2025
2025-06-23;Gemeinderat;5;Abgabe des Löschgruppenfahrzeug LF 16/12 an die Ukraine;SV-98/2025
2025-06-23;Gemeinderat;6;Verschiedenes;
2025-06-23;Gemeinderat;7;Bekanntgaben;
2025-07-07;Ausschuss für Umwelt, Technik und Nachhaltigkeit;1;Bekanntgabe der in nicht öffentlicher Sitzung getroffenen Entscheidung/en;
2025-07-07;Ausschuss für Umwelt, Technik und Nachhaltigkeit;2;"Vorstellung des Klimaschutzprogramms ""Zukunftskommune Oberschwaben""";SV-93/2025
2025-07-07;Ausschuss für Umwelt, Technik und Nachhaltigkeit;3;"2. Änderung des Bebauungsplanes ""Sport- und Gesundheitspark Hopfenweiler"" und die örtlichen Bauvorschriften hierzu, Gemarkung Waldsee – Abwägungs- und Entwurfsbeschluss";SV-28/2025
2025-07-07;Ausschuss für Umwelt, Technik und Nachhaltigkeit;4;"17. Änderung des Flächennutzungsplans der vereinbarten Verwaltungsgemeinschaft Bad Waldsee-Bergatreute im Bereich der ""2. Änderung des Sport- und Gesundheitspark Hopfenweiler"", Gemarkung Waldsee – Abwägungs- und Entwurfsbeschluss";SV-30/2025
2025-07-07;Ausschuss für Umwelt, Technik und Nachhaltigkeit;5;"Vorhabenbezogener Bebauungsplan ""Waldseer Straße"" und die örtlichen Bauvorschriften hierzu, Gemarkung Mittelurbach – Abwägungs- und Entwurfsbeschluss";SV-96/2024
2025-07-07;Ausschuss für Umwelt, Technik und Nachhaltigkeit;6;15. Änderung des Flächennutzungsplans der vereinbarten Verwaltungsgemeinschaft Bad Waldsee-Bergatreute für die Wohnbaufläche im Bereich Waldseer Straße, Gemarkung Mittelurbach – Abwägungs- und Entwurfsbeschluss;SV-25/2025
2025-07-07;Ausschuss für Umwelt, Technik und Nachhaltigkeit;7;"21. Änderung des Flächennutzungsplans der vereinbarten Verwaltungsgemeinschaft Bad Waldsee-Bergatreute im Bereich des Bebauungsplanes ""Lohbühl I - Erweiterung"", Gemarkung Bergatreute - Aufstellungsbeschluss";SV-58/2025
2025-07-07;Ausschuss für Umwelt, Technik und Nachhaltigkeit;8;Verschiedenes;
2025-07-07;Ausschuss für Umwelt, Technik und Nachhaltigkeit;9;Bekanntgaben;
2025-07-08;Verwaltungsausschuss;1;Bekanntgabe der in nichtöffentlicher Sitzung getroffenen Entscheidung/en;
2025-07-08;Verwaltungsausschuss;2;Integrationsbericht;SV-72/2025
2025-07-08;Verwaltungsausschuss;3;Verschiedenes;
2025-07-08;Verwaltungsausschuss;4;Bekanntgaben;
2025-07-21;Gemeinderat;1;Bekanntgabe der in nichtöffentlicher Sitzung getroffenen Entscheidung/en;
2025-07-21;Gemeinderat;2;Informationen des Oberbürgermeisters;
2025-07-21;Gemeinderat;3;Unternehmerforum Bad Waldsee - Rechenschaftsbericht / Verwendungsnachweis NIS, Vorstellung Frau Schaden;
2025-07-21;Gemeinderat;4;15. Änderung des Flächennutzungsplans der vereinbarten Verwaltungsgemeinschaft Bad Waldsee-Bergatreute für die Wohnbaufläche im Bereich Waldseer Straße, Gemarkung Mittelurbach – Abwägungs- und Entwurfsbeschluss;SV-25/2025
2025-07-21;Gemeinderat;5;"17. Änderung des Flächennutzungsplans der vereinbarten Verwaltungsgemeinschaft Bad Waldsee-Bergatreute im Bereich der ""2. Änderung des Sport- und Gesundheitspark Hopfenweiler"", Gemarkung Waldsee – Abwägungs- und Entwurfsbeschluss";SV-30/2025
2025-07-21;Gemeinderat;6;"21. Änderung des Flächennutzungsplans der vereinbarten Verwaltungsgemeinschaft Bad Waldsee-Bergatreute im Bereich des Bebauungsplanes ""Lohbühl I - Erweiterung"", Gemarkung Bergatreute - Aufstellungsbeschluss";SV-58/2025
2025-07-21;Gemeinderat;7;Annahme und Vermittlung von Spenden und Sponsoring aus dem 1. Halbjahr 2025;SV-112/2025
2025-07-21;Gemeinderat;8;Mietspiegel Bad Waldsee 2025 - Anerkennung als qualifizierter Mietspiegel;SV-91/2025
2025-07-21;Gemeinderat;9;"Änderung der Satzung zur Offenhaltung der Einzelhandelsgeschäfte in Bad Waldsee am Sonntag der ""Zukunftstage Bad Waldsee""";SV-103/2025
2025-07-21;Gemeinderat;10;Raumbelegung Jugendmusikschule - Information;SV-127/2025
2025-07-21;Gemeinderat;11;Jubiläumsjahr 2026;SV-132/2025
2025-07-21;Gemeinderat;12;Digitalisierung von Reisemobilstellplätzen bei der Waldsee-Therme;SV-131/2025
2025-07-21;Gemeinderat;13;Neubau Erweiterung Gymnasium Bad Waldsee- aktueller Stand Planung und Baustelle;SV-117/2025
2025-07-21;Gemeinderat;14;Neubau Sporthalle am Gymnasium- aktueller Planungsstand;SV-126/2025
2025-07-21;Gemeinderat;15;Information über die Sauna der Städtischen Rehakliniken;SV-122/2025
2025-07-21;Gemeinderat;16;Verschiedenes;
2025-07-21;Gemeinderat;17;Bekanntgaben;
2025-07-29;Gemeinsamer Ausschuss der Vereinbarten Verwaltungsgemeinschaft Bad Waldsee-Bergatreute;1;15. Änderung des Flächennutzungsplans der vereinbarten Verwaltungsgemeinschaft Bad Waldsee-Bergatreute für die Wohnbaufläche im Bereich Waldseer Straße, Gemarkung Mittelurbach – Abwägungs- und Entwurfsbeschluss;SV-25/2025
2025-07-29;Gemeinsamer Ausschuss der Vereinbarten Verwaltungsgemeinschaft Bad Waldsee-Bergatreute;2;"17. Änderung des Flächennutzungsplans der vereinbarten Verwaltungsgemeinschaft Bad Waldsee-Bergatreute im Bereich der ""2. Änderung des Sport- und Gesundheitspark Hopfenweiler"", Gemarkung Waldsee – Abwägungs- und Entwurfsbeschluss";SV-30/2025
2025-07-29;Gemeinsamer Ausschuss der Vereinbarten Verwaltungsgemeinschaft Bad Waldsee-Bergatreute;3;"21. Änderung des Flächennutzungsplans der vereinbarten Verwaltungsgemeinschaft Bad Waldsee-Bergatreute im Bereich des Bebauungsplanes ""Lohbühl I - Erweiterung"", Gemarkung Bergatreute - Aufstellungsbeschluss";SV-58/2025
2025-07-29;Gemeinsamer Ausschuss der Vereinbarten Verwaltungsgemeinschaft Bad Waldsee-Bergatreute;4;Verschiedenes;
2025-09-15;Ausschuss für Umwelt, Technik und Nachhaltigkeit;1;Bekanntgabe der in nicht öffentlicher Sitzung getroffenen Entscheidung/en;
2025-09-15;Ausschuss für Umwelt, Technik und Nachhaltigkeit;2;"Bebauungsplan ""Feuerwehrgerätehaus Michelwinnaden"" und die örtlichen Bauvorschriften hierzu, Gemarkung Michelwinnaden - Aufstellungsbeschluss";SV-137/2025
2025-09-15;Ausschuss für Umwelt, Technik und Nachhaltigkeit;3;"22. Änderung des Flächennutzungsplans der vereinbarten Verwaltungsgemeinschaft Bad Waldsee-Bergatreute im Bereich der Gemeinbedarfsfläche ""Feuerwehrgerätehaus Michelwinnaden""-  Gemarkung Michelwinnaden - Aufstellungsbeschluss";SV-138/2025
2025-09-15;Ausschuss für Umwelt, Technik und Nachhaltigkeit;4;Ladesäulenausbau in Bad Waldsee;SV-144/2025
2025-09-15;Ausschuss für Umwelt, Technik und Nachhaltigkeit;5;Verschiedenes;
2025-09-15;Ausschuss für Umwelt, Technik und Nachhaltigkeit;6;Bekanntgaben;
2025-09-16;Verwaltungsausschuss;1;Bekanntgabe der in nichtöffentlicher Sitzung getroffenen Entscheidung/en;
2025-09-16;Verwaltungsausschuss;2;Sanierung Dach Baubetriebshof Schützenstraße 27 - außerplanmäßige Ausgaben;SV-145/2025
2025-09-16;Verwaltungsausschuss;3;Verschiedenes;
2025-09-16;Verwaltungsausschuss;4;Bekanntgaben;
2025-09-29;Gemeinderat;1;Bekanntgabe der in nichtöffentlicher Sitzung getroffenen Entscheidung/en;
2025-09-29;Gemeinderat;2;Informationen des Oberbürgermeisters;
2025-09-29;Gemeinderat;3;Einwohnerfragestunde;
2025-09-29;Gemeinderat;4;Örtliche Bedarfsplanung für das Kindergartenjahr 2025/2026;SV-146/2025
2025-09-29;Gemeinderat;5;"22. Änderung des Flächennutzungsplans der vereinbarten Verwaltungsgemeinschaft Bad Waldsee-Bergatreute im Bereich der Gemeinbedarfsfläche ""Feuerwehrgerätehaus Michelwinnaden""-  Gemarkung Michelwinnaden - Aufstellungsbeschluss";SV-138/2025
2025-09-29;Gemeinderat;6;Durchführungsbeschluss und Vergabe Bauleistungen Erweiterung Kindergarten und Ortschaftsverwaltung Gaisbeuren;SV-156/2025
2025-09-29;Gemeinderat;7;2. Ausschreibungsrunde PV-Anlagen;SV-155/2025
2025-09-29;Gemeinderat;8;Neukalkulation und Festlegung der Kurtaxe;SV-92/2025
2025-09-29;Gemeinderat;9;Neufassung der Satzung über die Erhebung einer Kurtaxe;SV-173/2025
2025-09-29;Gemeinderat;10;Finanzbericht - 1. Halbjahr 2025 der Stadt Bad Waldsee sowie des Eigenbetriebs Städt.  Abwasserbeseitigung;SV-169/2025
2025-09-29;Gemeinderat;11;Annahme und Vermittlung von Zuwendungen im Rahmen von Geldspenden;SV-162/2025
2025-09-29;Gemeinderat;12;Beibehaltung oder Abschaffung der unechten Teilortswahl für den Gemeinderat;SV-114/2025
2025-09-29;Gemeinderat;13;Antrag Bündnis 90/Die Grünen - Großspeicher;SV-136/2025
2025-09-29;Gemeinderat;14;Verschiedenes;
2025-09-29;Gemeinderat;15;Bekanntgaben;
2025-09-30;Gemeinsamer Ausschuss der Vereinbarten Verwaltungsgemeinschaft Bad Waldsee-Bergatreute;1;"22. Änderung des Flächennutzungsplans der vereinbarten Verwaltungsgemeinschaft Bad Waldsee-Bergatreute im Bereich der Gemeinbedarfsfläche ""Feuerwehrgerätehaus Michelwinnaden""-  Gemarkung Michelwinnaden - Aufstellungsbeschluss";SV-138/2025
2025-09-30;Gemeinsamer Ausschuss der Vereinbarten Verwaltungsgemeinschaft Bad Waldsee-Bergatreute;2;Verschiedenes;
2025-10-06;Ausschuss für Umwelt, Technik und Nachhaltigkeit;1;Bekanntgabe der in nichtöffentlicher Sitzung getroffenen Entscheidung/en;
2025-10-06;Ausschuss für Umwelt, Technik und Nachhaltigkeit;2;Jahresabschluss 2024 Eigenbetrieb Städt. Abwasserbeseitigung;SV-182/2025
2025-10-06;Ausschuss für Umwelt, Technik und Nachhaltigkeit;3;"17. Änderung des Flächennutzungsplans der Vereinbarten Verwaltungsgemeinschaft Bad Waldsee-Bergatreute im Bereich der ""2. Änderung des Sport- und Gesundheitsparks Hopfenweiler"", Gemarkung Waldsee – Abwägungs- und Feststellungsbeschluss";SV-164/2025
2025-10-06;Ausschuss für Umwelt, Technik und Nachhaltigkeit;4;"1. Änderung des Bebauungsplanes ""Biberacher Straße Nord"" und die örtlichen Bauvorschriften hierzu, Gemarkung Waldsee - Aufstellungsbeschluss";SV-163/2025
2025-10-06;Ausschuss für Umwelt, Technik und Nachhaltigkeit;5;"Satzung über die Veränderungssperre für den Bereich der 1. Änderung des Bebauungsplanes ""Biberacher Straße Nord"", Gemarkung Waldsee";SV-168/2025
2025-10-06;Ausschuss für Umwelt, Technik und Nachhaltigkeit;6;"Vorhabenbezogener Bebauungsplan ""Frauenbergstraße-Friedhofstraße"" und die örtlichen Bauvorschriften hierzu, Gemarkung Waldsee - Abwägung und Satzungsbeschluss";SV-171/2025
2025-10-06;Ausschuss für Umwelt, Technik und Nachhaltigkeit;7;Verschiedenes;
2025-10-06;Ausschuss für Umwelt, Technik und Nachhaltigkeit;8;Bekanntgaben;
2025-10-21;Gemeinderat;1;Bekanntgabe der in nichtöffentlicher Sitzung getroffenen Entscheidung/en;
2025-10-21;Gemeinderat;2;Informationen des Oberbürgermeisters;
2025-10-21;Gemeinderat;3;Kriminalstatistik 2024 | Polizei Bad Waldsee;SV-142/2025
2025-10-21;Gemeinderat;4;Antrag Bündnis 90/Die Grünen - Großspeicher;SV-204/2025
2025-10-21;Gemeinderat;5;Zustimmung zur Wahl des Abteilungskommandanten und seines Stellvertreters der Freiwilligen Feuerwehr, Einsatzabteilung Reute-Gaisbeuren;SV-199/2025
2025-10-21;Gemeinderat;6;Anpassung der Elternbeiträge für die Ganztagesbetreuung ab dem 01.02.2026;SV-189/2025
2025-10-21;Gemeinderat;7;"17. Änderung des Flächennutzungsplans der Vereinbarten Verwaltungsgemeinschaft Bad Waldsee-Bergatreute im Bereich der ""2. Änderung des Sport- und Gesundheitsparks Hopfenweiler"", Gemarkung Waldsee – Abwägungs- und Feststellungsbeschluss";SV-164/2025
2025-10-21;Gemeinderat;8;"Vorhabenbezogener Bebauungsplan ""Frauenbergstraße-Friedhofstraße"" und die örtlichen Bauvorschriften hierzu, Gemarkung Waldsee - Abwägung und Satzungsbeschluss";SV-171/2025
2025-10-21;Gemeinderat;9;"Satzung über die Veränderungssperre für den Bereich der 1. Änderung des Bebauungsplanes ""Biberacher Straße Nord"", Gemarkung Waldsee";SV-168/2025
2025-10-21;Gemeinderat;10;Vorkaufsrechtssatzung Fuß- und Radweg Frauenberg;SV-202/2025
2025-10-21;Gemeinderat;11;Jahresabschlüsse 2024;
2025-10-21;Gemeinderat;12;Bestellung des Abschlussprüfers für das Geschäftsjahr 2025 für den Eigenbetrieb Städtische Rehakliniken;SV-187/2025
2025-10-21;Gemeinderat;13;Bestellung Abschlussprüfer für das Geschäftsjahr 2025 für die Stadtwerke Bad Waldsee GmbH;SV-191/2025
2025-10-21;Gemeinderat;14;Beteiligungsbericht für das Jahr 2024;SV-197/2025
2025-10-21;Gemeinderat;15;Pflegesatzverhandlungen Städt. Alten- und Pflegeheim Spital zum Hl. Geist;SV-200/2025
2025-10-21;Gemeinderat;16;Verschiedenes;
2025-10-21;Gemeinderat;17;Bekanntgaben;
2025-10-22;Gemeinsamer Ausschuss der Vereinbarten Verwaltungsgemeinschaft Bad Waldsee-Bergatreute;1;"17. Änderung des Flächennutzungsplans der Vereinbarten Verwaltungsgemeinschaft Bad Waldsee-Bergatreute im Bereich der ""2. Änderung des Sport- und Gesundheitsparks Hopfenweiler"", Gemarkung Waldsee – Abwägungs- und Feststellungsbeschluss";SV-164/2025
2025-10-22;Gemeinsamer Ausschuss der Vereinbarten Verwaltungsgemeinschaft Bad Waldsee-Bergatreute;2;Verschiedenes;
2025-11-10;Gemeinderat;1;Bekanntgabe der in nichtöffentlicher Sitzung getroffenen Entscheidung/en;
2025-11-10;Gemeinderat;2;Informationen des Oberbürgermeisters;
2025-11-10;Gemeinderat;3;Biosphärengebiet;
2025-11-10;Gemeinderat;4;Beratung über den Antrag der CDU-Fraktion zum Thema Biosphärengebiet;SV-224/2025
2025-11-10;Gemeinderat;5;Volkshochschule Bad Waldsee - Neufestsetzung der Teilnehmergebühren und Änderung des § 3 Abs. 2 der Gebührensatzung sowie Neufestsetzung der Dozentenhonorare und Änderung des § 3 Abs. 2 der Honorarordnung;SV-217/2025
2025-11-10;Gemeinderat;6;"Sanierungsgebiet ""Altstadt III"" – 3. Änderungssatzung zur Erweiterung des Sanierungsgebietes";SV-220/2025
2025-11-10;Gemeinderat;7;Flächenmanagement – Aktivierung von Bestandspotentiale – Einführung Förderlinien;SV-179/2025
2025-11-10;Gemeinderat;8;Innenentwicklung Haisterkirch – Vorstellung Auslobung Mehrfachbeauftragung;SV-174/2025
2025-11-10;Gemeinderat;9;Abriss Augustinerstr. 21, Haslachstr. 26 - außerplanmäßige Ausgaben;SV-222/2025
2025-11-10;Gemeinderat;10;Barrierefreier Neubau Verbindungsbau Ravensburger Str.1 zu Ravensburger Str. 2;SV-223/2025
2025-11-10;Gemeinderat;11;Verschiedenes;
2025-11-10;Gemeinderat;12;Bekanntgaben;
2025-11-25;Verwaltungsausschuss;1;Bekanntgabe der in nichtöffentlicher Sitzung getroffenen Entscheidung/en;
2025-11-25;Verwaltungsausschuss;2;Bürgerfest 2022 – Endabrechnung;SV-172/2025
2025-11-25;Verwaltungsausschuss;3;"Verteilung des Fördertopfs ""Soziale Hilfen"" | Zuschüsse für sozial caritativ tätige Vereine und Gruppierungen";SV-214/2025
2025-11-25;Verwaltungsausschuss;4;Antrag der seenema eG auf Verlängerung des Zuschusses durch die Stadt;SV-219/2025
2025-11-25;Verwaltungsausschuss;5;Verschiedenes;
2025-11-25;Verwaltungsausschuss;6;Bekanntgaben;
2025-12-01;Gemeinderat;1;Bekanntgabe der in nichtöffentlicher Sitzung getroffenen Entscheidung/en;
2025-12-01;Gemeinderat;2;Informationen des Oberbürgermeisters;
2025-12-01;Gemeinderat;3;Einwohnerfragestunde;
2025-12-01;Gemeinderat;4;Vorstellung der Kinder- und Jugendbeauftragten;SV-190/2025
2025-12-01;Gemeinderat;5;Stellungnahme an den Regionalverband Donau-Iller zur Fortschreibung des Kapitels Windkraft im Regionalplan Donau-Iller;SV-228/2025
2025-12-01;Gemeinderat;6;Bauabrechnung Erweiterung (Neubau) Verwaltungsgebäude Hauptstraße 10-12;SV-241/2025
2025-12-01;Gemeinderat;7;Bauabrechnung Umbau Garagengebäude Hauptstr. 12/1 zum Bürgerbüro;SV-244/2025
2025-12-01;Gemeinderat;8;Jahresabschluss 2022 der Stadt Bad Waldsee;SV-239/2025
2025-12-01;Gemeinderat;9;Jahresabschluss 2024 Eigenbetrieb Städt. Alten- und Pflegeheim;SV-227/2025
2025-12-01;Gemeinderat;10;Bestellung des Abschlussprüfers für das Geschäftsjahr 2025 für die Kurbetriebe Bad Waldsee Dienstleistungs-GmbH;SV-188/2025
2025-12-01;Gemeinderat;11;"Sanierungsgebiet ""Altstadt III"" – 3. Änderungssatzung zur Erweiterung des Sanierungsgebietes";SV-231/2025
2025-12-01;Gemeinderat;12;Bürgerbühne Dorfgemeinschaftshaus Gaisbeuren: Zwischenfinanzierung;SV-248/2025
2025-12-01;Gemeinderat;13;Verschiedenes;
2025-12-01;Gemeinderat;14;Bekanntgaben;
2025-12-08;Gemeinderat;1;Bekanntgabe der in nichtöffentlicher Sitzung getroffenen Entscheidung/en;
2025-12-08;Gemeinderat;2;Informationen des Oberbürgermeisters;
2025-12-08;Gemeinderat;3;Haushalt 2026 - Große Kreisstadt Bad Waldsee;SV-251/2025
2025-12-08;Gemeinderat;4;Wirtschaftspläne 2026;
2025-12-08;Gemeinderat;5;Neubau 2-fach Sporthalle am Gymnasium Durchführungsbeschluss;
2025-12-08;Gemeinderat;6;Änderung der Entschädigungssatzung | Ergänzung um Wahlhelfer in § 3a;SV-259/2025
2025-12-08;Gemeinderat;7;Aktuelle Informationen des Fachbereichs Wirtschaft, Tourismus und Kultur;SV-140/2025
2025-12-08;Gemeinderat;8;Verschiedenes;
2025-12-08;Gemeinderat;9;Bekanntgaben;
2026-01-19;Ausschuss für Umwelt, Technik und Nachhaltigkeit;1;Bekanntgabe der in nichtöffentlicher Sitzung getroffenen Entscheidung/en;
2026-01-19;Ausschuss für Umwelt, Technik und Nachhaltigkeit;2;Haushalt 2026 - Große Kreisstadt Bad Waldsee;SV-270/2025
2026-01-19;Ausschuss für Umwelt, Technik und Nachhaltigkeit;3;Wirtschaftsplan 2026 - Eigenbetrieb Städtische Abwasserbeseitigung;SV-273/2025
2026-01-19;Ausschuss für Umwelt, Technik und Nachhaltigkeit;4;Verschiedenes;
2026-01-19;Ausschuss für Umwelt, Technik und Nachhaltigkeit;5;Bekanntgaben;
2026-01-20;Verwaltungsausschuss;1;Bekanntgabe der in nichtöffentlicher Sitzung getroffenen Entscheidung/en;
2026-01-20;Verwaltungsausschuss;2;Antrag auf Kultuförderung – Spektrum K - UMANAND 2026;SV-277/2025
2026-01-20;Verwaltungsausschuss;3;Haushalt 2026 - Große Kreisstadt Bad Waldsee;SV-270/2025
2026-01-20;Verwaltungsausschuss;4;Wirtschaftsplan 2026 - Eigenbetrieb Alten- und Pflegeheim Spital zum Heiligen Geist;SV-272/2025
2026-01-20;Verwaltungsausschuss;5;Verschiedenes;
2026-01-20;Verwaltungsausschuss;6;Bekanntgaben;
2026-02-02;Gemeinderat;1;Bekanntgabe der in nichtöffentlicher Sitzung getroffenen Entscheidung/en;
2026-02-02;Gemeinderat;2;Informationen des Oberbürgermeisters;
2026-02-02;Gemeinderat;3;Gedenken an Gemeinderat Franz Daiber;
2026-02-02;Gemeinderat;4;Nachrücken eines Mitglieds des Gemeinderates;
2026-02-02;Gemeinderat;5;Beratung und Behandlung der eingegangenen Anträge;
2026-02-02;Gemeinderat;6;Haushalt 2026 - Große Kreisstadt Bad Waldsee;SV-21/2026
2026-02-02;Gemeinderat;7;Wirtschaftsplan 2026 - Eigenbetrieb Städtische Rehakliniken;SV-24/2026
2026-02-02;Gemeinderat;8;Wirtschaftsplan 2026 – Städtisches Alten und Pflegeheim Spital zum Hl. Geist;SV-23/2026
2026-02-02;Gemeinderat;9;Wirtschaftsplan 2026 - Eigenbetrieb Städtische Abwasserbeseitigung;SV-22/2026
2026-02-02;Gemeinderat;10;Gewährung eines Betriebsmittelkredits nach Bedarf an den Wasserversorgungsverband Obere Schussentalgruppe;SV-19/2026
2026-02-02;Gemeinderat;11;Vereinbarung zur Kostenübernahme für die Erweiterungsgruppen im Kindergarten St. Maria in Michelwinnaden sowie im Kindergarten St. Leonhard in Gaisbeuren;SV-2/2026
2026-02-02;Gemeinderat;12;Anpassung des Abgabepreises für das Mittagessen am Bildungszentrum Döchtbühl und der Durlesbachschule Reute ab dem 01. April 2026;SV-279/2025
2026-02-02;Gemeinderat;13;Information zur Umsetzung des Ganztagsförderungsgesetzes (GaFöG) sowie Festlegung der Betreuungszeiten an den kommunalen Grundschulen und dem SBBZ-L in Bad Waldsee ab dem Schuljahr 2026/2027;SV-1/2026
2026-02-02;Gemeinderat;14;"Bebauungsplan ""Drei-Eichen VI"" (Teilbereich B) und die örtlichen Bauvorschriften hierzu, Gemarkung Gaisbeuren - Abwägung und Satzungsbeschluss";SV-5/2025
2026-02-02;Gemeinderat;15;"20. Änderung des Flächennutzungsplans im Teilbereich B des Bebauungsplans (R18) ""Drei-Eichen VI"" der vereinbarten Verwaltungsgemeinschaft Bad Waldsee-Bergatreute, Gemarkung Gaisbeuren - Abwägung und Feststellungsbeschluss";SV-13/2025
2026-02-02;Gemeinderat;16;Bodo-Ringzug: Entscheidung über Projektteilnahme und Finanzierungsanteil;SV-27/2026
2026-02-02;Gemeinderat;17;Neubau 2 Feld Sporthalle am Gymnasium Durchführungsbeschluss;SV-230/2025
2026-02-02;Gemeinderat;18;tut gut - Magazin. Das neue Magazin der Großen Kreiststadt Bad Waldsee;SV-4/2026
2026-02-02;Gemeinderat;19;Verschiedenes;
2026-02-02;Gemeinderat;20;Bekanntgaben;
2026-02-03;Gemeinsamer Ausschuss der Vereinbarten Verwaltungsgemeinschaft Bad Waldsee-Bergatreute;1;"20. Änderung des Flächennutzungsplans im Teilbereich B des Bebauungsplans (R18) ""Drei-Eichen VI"" der vereinbarten Verwaltungsgemeinschaft Bad Waldsee-Bergatreute, Gemarkung Gaisbeuren - Abwägung und Feststellungsbeschluss";SV-13/2025
2026-02-03;Gemeinsamer Ausschuss der Vereinbarten Verwaltungsgemeinschaft Bad Waldsee-Bergatreute;2;Verschiedenes;
2026-03-02;Gemeinderat;1;Bekanntgabe der in nichtöffentlicher Sitzung getroffenen Entscheidung/en;
2026-03-02;Gemeinderat;2;Informationen des Oberbürgermeisters;
2026-03-02;Gemeinderat;3;Einwohnerfragestunde;
2026-03-02;Gemeinderat;4;Aktion Oberschwäbische Seen - Vortrag Hr. Dr. Elmar Schlecker;
2026-03-02;Gemeinderat;5;Sportlerehrung für das Jahr 2025 und Anpassung der Ehrungsordnung für Sportler;SV-250/2025
2026-03-02;Gemeinderat;6;Förderung einer weiteren Großtagespflegestelle im Gebäude Biberacher Straße 24;SV-36/2026
2026-03-02;Gemeinderat;7;Vorläufiges Ergebnis 2025 der Stadt Bad Waldsee;SV-30/2026
2026-03-02;Gemeinderat;8;Annahme und Vermittlung von Spenden und Sponsoring aus dem 2. Halbjahr 2025;SV-9/2026
2026-03-02;Gemeinderat;9;Gemeindliches Einvernehmen zu Windenergieanlagen zwischen Oberurbach und Hittisweiler;SV-42/2026
2026-03-02;Gemeinderat;10;Sanierungsgebiet „Altstadt III“ – 4. Änderungssatzung zur Teilaufhebung des Sanierungsgebietes;SV-49/2026
2026-03-02;Gemeinderat;11;Verschiedenes;
2026-03-02;Gemeinderat;12;Bekanntgaben;
2026-03-23;Ausschuss für Umwelt, Technik und Nachhaltigkeit;1;Bekanntgabe der in nichtöffentlicher Sitzung getroffenen Entscheidung/en;
2026-03-23;Ausschuss für Umwelt, Technik und Nachhaltigkeit;2;"2. Änderung des Bebauungsplanes ""Sport- und Gesundheitspark Hopfenweiler"" und die örtlichen Bauvorschriften hierzu, Gemarkung Waldsee – Abwägungs- und Satzungsbeschluss";SV-165/2025
2026-03-23;Ausschuss für Umwelt, Technik und Nachhaltigkeit;3;Vorstellung Zukunftskommune Oberschwaben und Klimaschutzmaßnahmen;SV-269/2025
2026-03-23;Ausschuss für Umwelt, Technik und Nachhaltigkeit;4;Anreizprogramme Klimaschutz 2026;SV-276/2025
2026-03-23;Ausschuss für Umwelt, Technik und Nachhaltigkeit;5;"1. Änderung des Bebauungsplans ""Biberacher Straße Nord"" und die örtlichen Bauvorschriften hierzu, Gemarkung Waldsee – Abwägungs- und Entwurfsbeschluss";SV-18/2026
2026-03-23;Ausschuss für Umwelt, Technik und Nachhaltigkeit;6;"Bebauungsplan ""Feuerwehrgerätehaus Michelwinnaden"" und die örtlichen Bauvorschriften hierzu, Gemarkung Michelwinnaden – Abwägungs- und Entwurfsbeschluss";SV-14/2026
2026-03-23;Ausschuss für Umwelt, Technik und Nachhaltigkeit;7;22. Änderung des Flächennutzungsplans der vereinbarten Verwaltungsgemeinschaft Bad Waldsee-Bergatreute im Bereich des Bebauungsplanes „Feuerwehrgerätehaus Michelwinnaden“, Gemarkung Michelwinnaden – Abwägungs- und Entwurfsbeschluss;SV-16/2026
2026-03-23;Ausschuss für Umwelt, Technik und Nachhaltigkeit;8;"21. Änderung des Flächennutzungsplans der vereinbarten Verwaltungsgemeinschaft Bad Waldsee-Bergatreute im Bereich des Bebauungsplans ""Lohbühl I - Erweiterung"", Gemarkung Bergatreute – Abwägungs- und Entwurfsbeschluss";SV-17/2026
2026-03-23;Ausschuss für Umwelt, Technik und Nachhaltigkeit;9;Verschiedenes;
2026-03-23;Ausschuss für Umwelt, Technik und Nachhaltigkeit;10;Bekanntgaben;
2026-03-24;Verwaltungsausschuss;1;Bekanntgabe der in nichtöffentlicher Sitzung getroffenen Entscheidung/en;
2026-03-24;Verwaltungsausschuss;2;Gewährung eines Zuschusses an den Kinderschutzbund;SV-31/2026
2026-03-24;Verwaltungsausschuss;3;Verschiedenes;
2026-03-24;Verwaltungsausschuss;4;Bekanntgaben;
2026-04-13;Gemeinderat;1;Bekanntgabe der in nichtöffentlicher Sitzung getroffenen Entscheidung/en;
2026-04-13;Gemeinderat;2;Informationen des Oberbürgermeisters;
2026-04-13;Gemeinderat;3;25 Jahre Kinder- und Jugendakademie;
2026-04-13;Gemeinderat;4;Wahl des 2. Stellvertreters des Ortsvorstehers im Ortschaftsrat Reute-Gaisbeuren;SV-66/2026
2026-04-13;Gemeinderat;5;Zustimmung zur Wahl des Abteilungskommandanten und seines Stellvertreters der Freiwilligen Feuerwehr, Einsatzabteilung Michelwinnaden;SV-61/2026
2026-04-13;Gemeinderat;6;Vorstellung Zukunftskommune Oberschwaben und Klimaschutzmaßnahmen;SV-269/2025
2026-04-13;Gemeinderat;7;Jahresabschluss 2023 der Stadt Bad Waldsee;SV-71/2026
2026-04-13;Gemeinderat;8;Aktueller Stand Breitbandausbau;SV-70/2026
2026-04-13;Gemeinderat;9;"21. Änderung des Flächennutzungsplans der vereinbarten Verwaltungsgemeinschaft Bad Waldsee-Bergatreute im Bereich des Bebauungsplans ""Lohbühl I - Erweiterung"", Gemarkung Bergatreute – Abwägungs- und Entwurfsbeschluss";SV-17/2026
2026-04-13;Gemeinderat;10;22. Änderung des Flächennutzungsplans der vereinbarten Verwaltungsgemeinschaft Bad Waldsee-Bergatreute im Bereich des Bebauungsplanes „Feuerwehrgerätehaus Michelwinnaden“, Gemarkung Michelwinnaden – Abwägungs- und Entwurfsbeschluss;SV-16/2026
2026-04-13;Gemeinderat;11;"2. Änderung des Bebauungsplanes ""Sport- und Gesundheitspark Hopfenweiler"" und die örtlichen Bauvorschriften hierzu, Gemarkung Waldsee – Abwägungs- und Satzungsbeschluss";SV-165/2025
2026-04-13;Gemeinderat;12;Neubau Feuerwehrgebäude Michelwinnaden - Durchführungsbeschluss;SV-60/2026
2026-04-13;Gemeinderat;13;Gemeindliches Einvernehmen zu Windenergieanlagen bei Osterhofen;SV-67/2026
2026-04-13;Gemeinderat;14;Verschiedenes;
2026-04-13;Gemeinderat;15;Bekanntgaben;
2026-04-15;Gemeinsamer Ausschuss der Vereinbarten Verwaltungsgemeinschaft Bad Waldsee-Bergatreute;1;22. Änderung des Flächennutzungsplans der vereinbarten Verwaltungsgemeinschaft Bad Waldsee-Bergatreute im Bereich des Bebauungsplanes „Feuerwehrgerätehaus Michelwinnaden“, Gemarkung Michelwinnaden – Abwägungs- und Entwurfsbeschluss;SV-16/2026
2026-04-15;Gemeinsamer Ausschuss der Vereinbarten Verwaltungsgemeinschaft Bad Waldsee-Bergatreute;2;"21. Änderung des Flächennutzungsplans der vereinbarten Verwaltungsgemeinschaft Bad Waldsee-Bergatreute im Bereich des Bebauungsplans ""Lohbühl I - Erweiterung"", Gemarkung Bergatreute – Abwägungs- und Entwurfsbeschluss";SV-17/2026
2026-04-15;Gemeinsamer Ausschuss der Vereinbarten Verwaltungsgemeinschaft Bad Waldsee-Bergatreute;3;Verschiedenes;
2026-04-27;Ausschuss für Umwelt, Technik und Nachhaltigkeit;1;Bekanntgabe der in nichtöffentlicher Sitzung getroffenen Entscheidung/en;
2026-04-27;Ausschuss für Umwelt, Technik und Nachhaltigkeit;2;Carlensteichweg - erstmalige, endgültige Herstellung Planungsbeschluss;SV-80/2026
2026-04-27;Ausschuss für Umwelt, Technik und Nachhaltigkeit;3;Verschiedenes;
2026-04-27;Ausschuss für Umwelt, Technik und Nachhaltigkeit;4;Bekanntgaben;
2026-04-28;Verwaltungsausschuss;1;Bekanntgabe der in nichtöffentlicher Sitzung getroffenen Entscheidung/en;
2026-04-28;Verwaltungsausschuss;2;Verschiedenes;
2026-04-28;Verwaltungsausschuss;3;Bekanntgaben;
2026-05-11;Gemeinderat;1;Bekanntgabe der in nichtöffentlicher Sitzung getroffenen Entscheidung/en;
2026-05-11;Gemeinderat;2;Informationen des Oberbürgermeisters;
2026-05-11;Gemeinderat;3;Bericht des Landschaftserhaltungsverband Ravensburg zu Maßnahmen in Bad Waldsee;
2026-05-11;Gemeinderat;4;"Vorhabenbezogener Bebauungsplan ""Friedhofstraße"" und die örtlichen Bauvorschriften hierzu, Gemarkung Waldsee - Aufstellungsbeschluss";SV-53/2026
2026-05-11;Gemeinderat;5;Gebührenerhöhung - Eintritt Strand- und Freibad;SV-81/2026
2026-05-11;Gemeinderat;6;Neuplanung der Tourist-Information;SV-93/2026
2026-05-11;Gemeinderat;7;Neufassung des Vertrags mit der Katholischen Kirchengemeinde über die Förderung der kirchlichen Kindertagesstätten Gut Beth in Reute und St. Leonhard in Gaisbeuren;SV-74/2026
2026-05-11;Gemeinderat;8;Baumaßnahme Erweiterung Klinik Mayenbad;SV-91/2026
2026-05-11;Gemeinderat;9;Annahme und Vermittlung von Zuwendungen im Rahmen von Geldspenden;SV-76/2026
2026-05-11;Gemeinderat;10;Finanzbericht - 1. Quartal 2026;SV-95/2026
2026-05-11;Gemeinderat;11;Vorläufiges Ergebnis 2025 des Eigenbetriebs Städtische Abwasserbeseitigung;SV-77/2026
2026-05-11;Gemeinderat;12;Annahme einer Zahlung nach § 6 EEG 2023;SV-96/2026
2026-05-11;Gemeinderat;13;Verschiedenes;
2026-05-11;Gemeinderat;14;Bekanntgaben;
2026-06-09;Verwaltungsausschuss;1;Bekanntgabe der in nichtöffentlicher Sitzung getroffenen Entscheidung/en;
2026-06-09;Verwaltungsausschuss;2;Abrechnung Stadtsee Aktivweg;SV-106/2026
2026-06-09;Verwaltungsausschuss;3;Vergabe der Schul- und Kindergartenverpflegung;SV-85/2026
2026-06-09;Verwaltungsausschuss;4;Verschiedenes;
2026-06-09;Verwaltungsausschuss;5;Bekanntgaben;
2026-06-29;Gemeinderat;1;Bekanntgabe der in nichtöffentlicher Sitzung getroffenen Entscheidung/en;
2026-06-29;Gemeinderat;2;Informationen des Oberbürgermeisters;
2026-06-29;Gemeinderat;3;Einwohnerfragestunde;
2026-06-29;Gemeinderat;4;Vortrag des Kinderschutzbundes;
2026-06-29;Gemeinderat;5;Betriebsplanung der Forsteinrichtung im Stadtwald Bad Waldsee für die Jahre 2026 - 2035;SV-68/2026
2026-06-29;Gemeinderat;6;Anpassung der Vergnügungssteuersatzung;SV-113/2026
2026-06-29;Gemeinderat;7;Anpassung der Hundesteuersatzung;SV-114/2026
2026-06-29;Gemeinderat;8;Verschiedenes;
2026-06-29;Gemeinderat;9;Bekanntgaben;
2026-07-06;Ausschuss für Umwelt, Technik und Nachhaltigkeit;1;Bekanntgabe der in nichtöffentlicher Sitzung getroffenen Entscheidung/en;
2026-07-06;Ausschuss für Umwelt, Technik und Nachhaltigkeit;2;3. Ausschreibungsrunde PV-Anlagen;SV-51/2026
2026-07-06;Ausschuss für Umwelt, Technik und Nachhaltigkeit;3;"1. Änderung des Bebauungsplans ""Biberacher Straße Nord"" und die örtlichen Bauvorschriften hierzu, Gemarkung Waldsee – Abwägungs- und Satzungsbeschluss";SV-101/2026
2026-07-06;Ausschuss für Umwelt, Technik und Nachhaltigkeit;4;"Bebauungsplan ""Feuerwehrgerätehaus Michelwinnaden"" und die örtlichen Bauvorschriften hierzu, Gemarkung Michelwinnaden – Abwägungs- und Satzungsbeschluss";SV-102/2026
2026-07-06;Ausschuss für Umwelt, Technik und Nachhaltigkeit;5;"22. Änderung des Flächennutzungsplans der vereinbarten Verwaltungsgemeinschaft Bad Waldsee-Bergatreute im Bereich des Bebauungsplans ""Feuerwehrgerätehaus Michelwinnaden"", Gemarkung Michelwinnaden - Abwägungs- und Feststellungsbeschluss";SV-103/2026
2026-07-06;Ausschuss für Umwelt, Technik und Nachhaltigkeit;6;"Vorhabenbezogener Bebauungsplan ""Waldseer Straße"" und die örtlichen Bauvorschriften hierzu, Gemarkung Mittelurbach – Abwägungs- und Satzungsbeschluss";SV-166/2025
2026-07-06;Ausschuss für Umwelt, Technik und Nachhaltigkeit;7;15. Änderung des Flächennutzungsplans der vereinbarten Verwaltungsgemeinschaft Bad Waldsee-Bergatreute für die Wohnbaufläche im Bereich des Bebauungsplans „Waldseer Straße“, Gemarkung Mittelurbach – Abwägungs- und Feststellungsbeschluss;SV-167/2025
2026-07-06;Ausschuss für Umwelt, Technik und Nachhaltigkeit;8;"21. Änderung des Flächennutzungsplans der Vereinbarten Verwaltungsgemeinschaft Bad Waldsee-Bergatreute im Bereich des Bebauungsplans ""Lohbühl I - Erweiterung"", Gemeinde Bergatreute – Abwägungs- und Feststellungsbeschluss";SV-104/2026
2026-07-06;Ausschuss für Umwelt, Technik und Nachhaltigkeit;9;Verschiedenes;
2026-07-06;Ausschuss für Umwelt, Technik und Nachhaltigkeit;10;Bekanntgaben;
2026-07-20;Gemeinderat;1;Bekanntgabe der in nichtöffentlicher Sitzung getroffenen Entscheidung/en;
2026-07-20;Gemeinderat;2;Informationen des Oberbürgermeisters;
2026-07-20;Gemeinderat;3;Ehrungen von Gemeinderäten;
2026-07-20;Gemeinderat;4;"1. Änderung des Bebauungsplans ""Biberacher Straße Nord"" und die örtlichen Bauvorschriften hierzu, Gemarkung Waldsee – Abwägungs- und Satzungsbeschluss";SV-101/2026
2026-07-20;Gemeinderat;5;"Bebauungsplan ""Feuerwehrgerätehaus Michelwinnaden"" und die örtlichen Bauvorschriften hierzu, Gemarkung Michelwinnaden – Abwägungs- und Satzungsbeschluss";SV-102/2026
2026-07-20;Gemeinderat;6;"22. Änderung des Flächennutzungsplans der vereinbarten Verwaltungsgemeinschaft Bad Waldsee-Bergatreute im Bereich des Bebauungsplans ""Feuerwehrgerätehaus Michelwinnaden"", Gemarkung Michelwinnaden - Abwägungs- und Feststellungsbeschluss";SV-103/2026
2026-07-20;Gemeinderat;7;"21. Änderung des Flächennutzungsplans der Vereinbarten Verwaltungsgemeinschaft Bad Waldsee-Bergatreute im Bereich des Bebauungsplans ""Lohbühl I - Erweiterung"", Gemeinde Bergatreute – Abwägungs- und Feststellungsbeschluss";SV-104/2026
2026-07-20;Gemeinderat;8;"Vorhabenbezogener Bebauungsplan ""Waldseer Straße"" und die örtlichen Bauvorschriften hierzu, Gemarkung Mittelurbach – Abwägungs- und Satzungsbeschluss";SV-166/2025
2026-07-20;Gemeinderat;9;15. Änderung des Flächennutzungsplans der vereinbarten Verwaltungsgemeinschaft Bad Waldsee-Bergatreute für die Wohnbaufläche im Bereich des Bebauungsplans „Waldseer Straße“, Gemarkung Mittelurbach – Abwägungs- und Feststellungsbeschluss;SV-167/2025
2026-07-20;Gemeinderat;10;Steinstraße - Erstmalige, endgültige Herstellung - Planungsbeschluss;SV-130/2026
2026-07-20;Gemeinderat;11;Information über die Fortschreibung der Elternbeiträge in Kindertageseinrichtungen;SV-132/2026
2026-07-20;Gemeinderat;12;Annahme und Vermittlung von Spenden und Sponsoring aus dem 1. Halbjahr 2026;SV-116/2026
2026-07-20;Gemeinderat;13;Verschiedenes;
2026-07-20;Gemeinderat;14;Bekanntgaben;
2026-07-21;Gemeinsamer Ausschuss der Vereinbarten Verwaltungsgemeinschaft Bad Waldsee-Bergatreute;1;"22. Änderung des Flächennutzungsplans der vereinbarten Verwaltungsgemeinschaft Bad Waldsee-Bergatreute im Bereich des Bebauungsplans ""Feuerwehrgerätehaus Michelwinnaden"", Gemarkung Michelwinnaden - Abwägungs- und Feststellungsbeschluss";SV-103/2026
2026-07-21;Gemeinsamer Ausschuss der Vereinbarten Verwaltungsgemeinschaft Bad Waldsee-Bergatreute;2;"21. Änderung des Flächennutzungsplans der Vereinbarten Verwaltungsgemeinschaft Bad Waldsee-Bergatreute im Bereich des Bebauungsplans ""Lohbühl I - Erweiterung"", Gemeinde Bergatreute – Abwägungs- und Feststellungsbeschluss";SV-104/2026
2026-07-21;Gemeinsamer Ausschuss der Vereinbarten Verwaltungsgemeinschaft Bad Waldsee-Bergatreute;3;15. Änderung des Flächennutzungsplans der vereinbarten Verwaltungsgemeinschaft Bad Waldsee-Bergatreute für die Wohnbaufläche im Bereich des Bebauungsplans „Waldseer Straße“, Gemarkung Mittelurbach – Abwägungs- und Feststellungsbeschluss;SV-167/2025
2026-07-21;Gemeinsamer Ausschuss der Vereinbarten Verwaltungsgemeinschaft Bad Waldsee-Bergatreute;4;Verschiedenes;
